ticker,name,per,pbr,dividend_yield_pct,quarterly_dividend,dividend_increase_years,buyback_cancel_regular,cancel_ratio_pct,treasury_ratio_pct,dual_listed,score_per,score_pbr,score_dual_listed,score_dividend_yield,score_quarterly_dividend,score_dividend_increase_years,score_buyback_regular,score_cancel_ratio,score_treasury_ratio,quant_subtotal,industry,market_cap,recent_dividend_record_date,recent_dividend_pay_date
001420,태원물산,1.25,0.48,6.94,False,3,True,11.197,3.512,False,20,4,5,7,0,3,7,8,2,56,자동차 신품 부품 제조업,219.0,2025-12-31,2026-04-24
001390,KG케미칼,4.17,0.29,3.53,False,2,True,3.764,0.0,False,20,5,5,5,0,0,7,8,5,55,기초 화학물질 제조업,2819.0,2026-04-15,2026-04-30
000270,기아,5.8,0.7,6.13,False,5,True,3.204,0.464,False,15,3,5,7,0,4,7,8,4,53,자동차용 엔진 및 자동차 제조업,432968.0,2026-03-25,2026-04-20
005440,현대지에프홀딩스,4.67,0.48,2.43,False,1,True,5.717,0.0,False,20,4,5,2,0,0,7,8,5,51,기타 금융업,22613.0,2026-09-30,
012630,HDC,4.52,0.39,1.98,False,5,True,4.519,17.14,False,20,4,5,2,0,4,7,8,0,50,기타 금융업,13591.0,2026-03-31,2026-04-24
005810,풍산홀딩스,6.91,0.42,4.48,False,3,True,3.924,4.775,False,15,4,5,5,0,3,7,8,2,49,기타 금융업,5147.0,2026-03-25,2026-04-10
016610,DB증권,5.32,0.37,5.39,False,3,True,2.709,5.623,False,15,4,5,7,0,3,7,8,0,49,금융 지원 서비스업,4330.0,2026-03-31,2026-04-17
086790,하나금융지주,9.15,0.78,3.18,True,5,True,3.38,2.794,False,10,3,5,5,5,4,7,8,2,49,기타 금융업,349822.0,2026-08-10,2026-08-21
039490,키움증권,6.23,0.99,4.55,False,3,True,2.381,3.299,False,15,3,5,5,0,3,7,8,2,48,금융 지원 서비스업,66226.0,2025-12-31,2026-04-10
069730,DSR제강,3.16,0.41,7.95,False,7,False,0.0,0.0,False,20,4,5,10,0,4,0,0,5,48,1차 철강 제조업,779.0,2025-12-31,2026-04-24
008420,문배철강,6.44,0.22,0.0,False,0,True,5.329,0.0,False,15,5,5,2,0,0,7,8,5,47,1차 철강 제조업,426.0,2026-06-30,2026-08-13
030200,케이티,7.47,0.7,4.68,True,10,True,0.285,4.336,False,15,3,5,5,5,5,7,0,2,47,전기 통신업,129287.0,2026-07-29,2026-08-13
035150,백산,6.6,0.83,4.29,False,2,True,13.984,0.623,False,15,3,5,5,0,0,7,8,4,47,플라스틱제품 제조업,2074.0,2026-09-15,2026-10-14
155660,DSR,4.5,0.28,5.94,False,10,False,0.0,0.0,False,20,5,5,7,0,5,0,0,5,47,1차 비철금속 제조업,674.0,2025-12-31,2026-04-24
453340,현대그린푸드,7.23,0.85,3.55,False,2,True,6.696,0.903,False,15,3,5,5,0,0,7,8,4,47,종합 소매업,6189.0,2026-09-30,
093050,LF,7.01,0.39,2.95,False,10,True,7.954,8.804,False,15,4,5,2,0,5,7,8,0,46,봉제의복 제조업,6930.0,2026-03-31,2026-04-22
000890,보해양조,5.48,0.42,0.0,False,0,True,2.091,0.229,False,15,4,5,2,0,0,7,8,4,45,알코올음료 제조업,363.0,2025-12-31,
002460,HS화성,4.02,0.24,6.87,True,3,False,0.0,6.032,False,20,5,5,7,5,3,0,0,0,45,건물 건설업,1108.0,2025-12-31,2026-04-15
002900,TYM,7.41,0.63,4.35,False,1,True,9.627,3.717,False,15,3,5,5,0,0,7,8,2,45,특수 목적용 기계 제조업,2757.0,2026-08-28,2026-09-08
003080,SB성보,1.29,0.28,9.26,False,4,False,0.0,2.158,False,20,5,5,10,0,3,0,0,2,45,"비료, 농약 및 살균, 살충제 제조업",443.0,2025-12-31,2026-04-15
004250,엔피씨,9.46,0.25,3.6,False,10,True,7.143,9.232,False,10,5,5,5,0,5,7,8,0,45,플라스틱제품 제조업,1070.0,2025-12-31,2026-04-06
013870,지엠비코리아,4.99,0.25,6.57,False,3,False,0.0,0.0,False,20,5,5,7,0,3,0,0,5,45,자동차 신품 부품 제조업,726.0,2026-03-27,2026-04-20
123700,에스제이엠,4.2,0.22,6.29,False,3,False,0.0,0.0,False,20,5,5,7,0,3,0,0,5,45,자동차 신품 부품 제조업,509.0,2025-12-31,2026-04-22
241560,두산밥캣,13.22,0.73,3.09,True,4,True,4.646,0.148,False,5,3,5,5,5,3,7,8,4,45,특수 목적용 기계 제조업,52817.0,2026-08-07,2026-08-24
294870,IPARK현대산업개발,9.31,0.44,3.13,False,7,True,4.74,3.753,False,10,4,5,5,0,4,7,8,2,45,건물 건설업,14730.0,2026-03-31,2026-04-23
012330,현대모비스,9.45,0.68,1.73,False,10,True,3.705,1.715,False,10,3,5,2,0,5,7,8,4,44,자동차 신품 부품 제조업,336827.0,2026-08-10,2026-08-31
013580,계룡건설산업,1.9,0.2,3.29,True,2,False,0.0,0.143,False,20,5,5,5,5,0,0,0,4,44,토목 건설업,1902.0,2026-02-28,2026-04-17
071320,지역난방공사,2.72,0.4,7.74,False,1,False,0.0,0.0,False,20,4,5,10,0,0,0,0,5,44,"증기, 냉·온수 및 공기조절 공급업",9205.0,2026-03-30,2026-04-22
000910,유니온,1.97,0.43,4.25,False,7,False,0.0,0.0,False,20,4,5,5,0,4,0,0,5,43,"시멘트, 석회, 플라스터 및 그 제품 제조업",459.0,2025-12-31,2026-04-15
008260,NI스틸,3.63,0.36,3.07,True,1,False,0.0,1.443,False,20,4,5,5,5,0,0,0,4,43,1차 철강 제조업,932.0,2026-06-30,2026-08-11
009770,삼정펄프,1.82,0.27,3.62,False,3,False,0.0,0.0,False,20,5,5,5,0,3,0,0,5,43,"펄프, 종이 및 판지 제조업",690.0,2025-12-31,2026-04-13
023810,인팩,4.42,0.4,3.4,False,6,False,0.0,0.0,False,20,4,5,5,0,4,0,0,5,43,자동차 신품 부품 제조업,529.0,2025-12-31,2026-04-27
069960,현대백화점,9.37,0.41,2.5,False,10,True,2.358,4.702,False,10,4,5,2,0,5,7,8,2,43,종합 소매업,18546.0,2026-09-30,
072710,농심홀딩스,3.59,0.31,3.39,False,7,False,0.0,0.0,False,20,4,5,5,0,4,0,0,5,43,기타 금융업,4109.0,2026-03-31,2026-04-24
126560,현대퓨처넷,49.85,0.51,4.42,False,10,True,3.278,0.909,False,5,4,5,5,0,5,7,8,4,43,전기 통신업,3702.0,2025-12-31,2026-04-24
284740,쿠쿠홈시스,4.75,0.52,4.74,True,2,False,0.0,0.067,False,20,4,5,5,5,0,0,0,4,43,개인 및 가정용품 임대업,5677.0,2025-12-31,2026-04-15
002350,넥센타이어,4.0,0.29,3.45,False,3,False,0.0,1.444,False,20,5,5,5,0,3,0,0,4,42,고무제품 제조업,5655.0,2026-04-01,2026-04-24
005940,NH투자증권,9.33,1.07,4.82,False,3,True,2.02,0.182,False,10,0,5,5,0,3,7,8,4,42,금융 지원 서비스업,99501.0,2026-03-31,2026-04-17
010770,평화홀딩스,1.49,0.4,4.24,False,7,False,0.0,1.617,False,20,4,5,5,0,4,0,0,4,42,자동차 신품 부품 제조업,518.0,2025-12-31,2026-04-03
016740,두올,4.21,0.41,3.02,False,7,False,0.0,1.092,False,20,4,5,5,0,4,0,0,4,42,자동차 신품 부품 제조업,1141.0,2025-12-31,2026-04-20
023350,한국종합기술,4.78,0.23,4.03,False,10,False,0.0,4.987,False,20,5,5,5,0,5,0,0,2,42,"건축기술, 엔지니어링 및 관련 기술 서비스업",408.0,2025-12-31,2026-04-24
033920,무학,4.14,0.32,7.11,False,3,False,0.0,5.364,False,20,4,5,10,0,3,0,0,0,42,알코올음료 제조업,2083.0,2026-09-30,
096760,JW홀딩스,5.4,1.11,5.04,False,2,True,4.598,6.404,False,15,0,5,7,0,0,7,8,0,42,기타 금융업,3157.0,2026-04-01,2026-04-24
175330,JB금융지주,7.7,0.89,4.01,True,10,False,0.0,1.857,False,15,3,5,5,5,5,0,0,4,42,기타 금융업,52972.0,2026-08-07,2026-08-27
001630,종근당홀딩스,4.67,0.28,3.72,False,8,False,0.0,4.976,False,20,5,5,5,0,4,0,0,2,41,의약품 제조업,1886.0,2026-03-31,2026-04-22
001750,한양증권,6.53,0.49,8.37,False,3,False,0.0,0.393,False,15,4,5,10,0,3,0,0,4,41,금융 지원 서비스업,2889.0,2026-03-31,2026-04-21
003780,진양산업,7.49,0.77,8.95,False,4,False,0.0,0.0,False,15,3,5,10,0,3,0,0,5,41,플라스틱제품 제조업,520.0,2026-07-21,2026-08-11
005380,현대자동차,9.64,0.77,2.94,True,0,True,1.753,1.032,False,10,3,5,2,5,0,7,5,4,41,자동차용 엔진 및 자동차 제조업,692803.0,2026-08-31,2026-09-30
005720,넥센,3.95,0.23,2.78,True,9,False,0.0,9.167,False,20,5,5,2,5,4,0,0,0,41,고무제품 제조업,3310.0,2026-04-01,2026-04-24
007700,F&F 홀딩스,4.18,0.23,0.0,True,0,False,0.0,0.114,False,20,5,5,2,5,0,0,0,4,41,기타 금융업,5261.0,2025-12-31,2026-04-21
015760,한국전력공사,2.25,0.4,5.15,False,1,False,0.0,0.0,False,20,4,5,7,0,0,0,0,5,41,전기업,192268.0,2025-12-31,2026-04-22
021820,세원정공,2.12,0.15,1.9,False,6,False,0.0,0.0,False,20,5,5,2,0,4,0,0,5,41,자동차 신품 부품 제조업,1053.0,2026-06-30,
023590,다우기술,3.37,0.47,4.75,False,10,False,0.0,3.824,False,20,4,5,5,0,5,0,0,2,41,"자료처리, 호스팅, 포털 및 기타 인터넷 정보매개 서비스업",16406.0,2026-03-31,2026-04-14
023800,인지컨트롤스,4.98,0.35,5.34,False,1,False,0.0,0.0,False,20,4,5,7,0,0,0,0,5,41,자동차 신품 부품 제조업,800.0,2025-12-31,2026-04-28
030210,다올투자증권,6.83,0.41,6.06,True,3,False,0.0,2.283,False,15,4,5,7,5,3,0,0,2,41,금융 지원 서비스업,2412.0,2026-03-18,2026-04-07
001770,SHD,1.63,0.09,1.1,False,4,False,0.0,0.0,False,20,5,5,2,0,3,0,0,5,40,1차 철강 제조업,48.0,2025-12-31,2026-04-20
006980,우성,3.98,0.2,7.8,False,2,False,0.0,16.933,False,20,5,5,10,0,0,0,0,0,40,"곡물가공품, 전분 및 전분제품 제조업",515.0,2025-12-31,2026-04-16
010100,한국무브넥스,5.01,0.26,2.92,True,3,False,0.0,0.0,False,15,5,5,2,5,3,0,0,5,40,자동차 신품 부품 제조업,1044.0,2026-04-03,2026-04-20
097520,엠씨넥스,6.73,0.81,0.0,False,0,True,11.452,6.898,False,15,3,5,2,0,0,7,8,0,40,영상 및 음향기기 제조업,3367.0,2025-12-31,2026-04-09
111110,호전실업,4.82,0.3,6.31,False,5,False,0.0,8.612,False,20,4,5,7,0,4,0,0,0,40,봉제의복 제조업,575.0,2025-12-31,2026-04-24
004360,세방,4.68,0.24,2.24,False,10,False,0.0,3.441,False,20,5,5,2,0,5,0,0,2,39,도로 화물 운송업,2565.0,2025-12-31,2026-04-24
005930,삼성전자,41.55,4.26,0.61,True,4,True,4.238,1.565,False,5,0,5,2,5,3,7,8,4,39,통신 및 방송 장비 제조업,15945725.0,2026-09-30,
010690,화신,4.0,0.46,2.23,False,7,False,0.0,0.492,False,20,4,5,2,0,4,0,0,4,39,자동차 신품 부품 제조업,2668.0,2025-12-31,2026-04-07
016380,KG스틸,4.19,0.27,5.3,False,0,False,0.0,3.225,False,20,5,5,7,0,0,0,0,2,39,1차 철강 제조업,5661.0,2026-03-31,2026-04-23
016710,대성홀딩스,6.45,0.24,3.63,False,10,False,0.0,0.298,False,15,5,5,5,0,5,0,0,4,39,회사 본부 및 경영 컨설팅 서비스업,1107.0,2025-12-31,2026-04-24
035000,HS애드,6.08,0.49,8.61,False,1,False,0.0,0.0,False,15,4,5,10,0,0,0,0,5,39,광고업,1036.0,2026-08-27,2026-09-11
136490,선진,2.04,0.43,1.96,False,7,False,0.0,0.002,False,20,4,5,2,0,4,0,0,4,39,동물용 사료 및 조제식품 제조업,2430.0,2025-12-31,2026-04-24
138930,BNK금융지주,6.05,0.45,4.73,True,2,False,0.0,0.0,False,15,4,5,5,5,0,0,0,5,39,기타 금융업,47683.0,2026-08-12,2026-08-27
000240,한국앤컴퍼니,6.93,0.5,4.34,False,10,False,0.0,0.229,False,15,4,5,5,0,5,0,0,4,38,기타 금융업,24066.0,2026-08-21,2026-09-04
002140,고려산업,4.98,0.4,2.07,False,3,False,0.0,0.537,False,20,4,5,2,0,3,0,0,4,38,"곡물가공품, 전분 및 전분제품 제조업",481.0,2025-12-31,2026-04-03
005960,동부건설,3.73,0.35,3.58,False,1,False,0.0,0.02,False,20,4,5,5,0,0,0,0,4,38,토목 건설업,1925.0,2025-12-31,2026-04-23
007860,서연,3.17,0.19,3.31,False,3,False,0.0,7.549,False,20,5,5,5,0,3,0,0,0,38,기타 금융업,1773.0,2025-12-31,2026-04-22
007980,TP,2.39,0.29,4.2,False,3,False,0.0,9.779,False,20,5,5,5,0,3,0,0,0,38,봉제의복 제조업,837.0,2026-03-31,2026-04-17
010640,진양폴리우레탄,6.29,0.61,7.55,False,0,False,0.0,0.0,False,15,3,5,10,0,0,0,0,5,38,플라스틱제품 제조업,332.0,2026-07-21,2026-08-11
018500,동원모빌리티,1.58,0.34,3.79,False,2,False,0.0,0.022,False,20,4,5,5,0,0,0,0,4,38,자동차 신품 부품 제조업,618.0,2026-03-31,2026-07-28
027410,BGF,6.03,0.2,3.49,False,7,False,0.0,0.008,False,15,5,5,5,0,4,0,0,4,38,기타 금융업,3565.0,2026-02-28,2026-04-10
055550,신한지주,10.24,0.85,2.51,True,5,True,2.101,1.717,True,5,3,0,2,5,4,7,8,4,38,기타 금융업,484942.0,2026-11-03,
089470,HDC현대EP,3.69,0.28,4.18,False,3,False,0.0,18.809,False,20,5,5,5,0,3,0,0,0,38,기타 화학제품 제조업,1222.0,2026-03-31,2026-04-24
194370,제이에스코퍼레이션,4.51,0.67,4.94,False,0,False,0.0,0.0,False,20,3,5,5,0,0,0,0,5,38,"가죽, 가방 및 유사제품 제조업",3523.0,2026-06-30,2026-07-20
210540,디와이파워,4.85,0.39,4.53,False,1,False,0.0,0.053,False,20,4,5,5,0,0,0,0,4,38,특수 목적용 기계 제조업,1219.0,2026-03-24,2026-04-17
267850,아시아나IDT,8.86,0.62,5.32,True,4,False,0.0,0.0,False,10,3,5,7,5,3,0,0,5,38,"컴퓨터 프로그래밍, 시스템 통합 및 관리업",1042.0,2025-12-31,2026-04-09
378850,화승알앤에이,2.93,0.32,2.66,False,4,False,0.0,0.015,False,20,4,5,2,0,3,0,0,4,38,자동차 신품 부품 제조업,535.0,2025-12-31,2026-04-14
383800,LX홀딩스,4.59,0.31,3.62,False,2,False,0.0,0.071,False,20,4,5,5,0,0,0,0,4,38,기타 금융업,6110.0,2026-02-27,2026-04-17
001620,케이비아이동국실업,1.53,0.18,0.0,False,0,False,0.0,0.0,False,20,5,5,2,0,0,0,0,5,37,자동차 신품 부품 제조업,483.0,2025-12-31,
002810,삼영무역,6.77,0.63,5.49,False,10,False,0.0,3.914,False,15,3,5,7,0,5,0,0,2,37,기타 전문 도매업,3970.0,2026-02-27,2026-04-23
004690,삼천리,4.61,0.26,2.36,False,10,False,0.0,15.561,False,20,5,5,2,0,5,0,0,0,37,연료용 가스 제조 및 배관공급업,4602.0,2026-03-27,2026-04-16
004980,성신양회,7.89,0.34,4.31,False,7,False,0.0,1.588,False,15,4,5,5,0,4,0,0,4,37,"시멘트, 석회, 플라스터 및 그 제품 제조업",1991.0,2025-12-31,2026-04-22
033530,SJG세종,2.77,0.35,2.92,False,7,False,0.0,2.763,False,20,4,5,2,0,4,0,0,2,37,자동차 신품 부품 제조업,1850.0,2025-12-31,2026-04-07
081660,미스토홀딩스,10.43,1.07,5.07,False,2,True,10.656,0.0,False,5,0,5,7,0,0,7,8,5,37,생활용품 도매업,20732.0,2026-10-16,
161390,한국타이어앤테크놀로지,6.88,0.61,3.8,False,10,False,0.0,1.523,False,15,3,5,5,0,5,0,0,4,37,고무제품 제조업,74944.0,2026-08-25,2026-09-09
316140,우리금융지주,7.9,0.68,4.08,True,2,False,0.0,0.007,False,15,3,5,5,5,0,0,0,4,37,기타 금융업,245718.0,2026-11-10,
000540,흥국화재,2.14,0.3,0.0,False,0,False,0.0,0.0,False,20,4,5,2,0,0,0,0,5,36,보험업,2248.0,2025-12-31,
000590,CS홀딩스,4.69,0.22,0.71,False,9,False,0.0,10.814,False,20,5,5,2,0,4,0,0,0,36,기타 금융업,810.0,2025-12-31,2026-04-24
004080,신흥,48.62,1.17,2.29,False,10,True,4.211,1.182,False,5,0,5,2,0,5,7,8,4,36,기계장비 및 관련 물품 도매업,1343.0,2026-06-30,2026-07-28
004490,세방전지,6.31,0.52,4.17,False,10,False,0.0,4.64,False,15,4,5,5,0,5,0,0,2,36,일차전지 및 이차전지 제조업,8815.0,2025-12-31,2026-04-17
004920,씨아이테크,2.5,0.52,0.0,False,0,False,0.0,0.0,False,20,4,5,2,0,0,0,0,5,36,영상 및 음향기기 제조업,378.0,2025-12-31,
004960,한신공영,2.13,0.15,1.36,False,2,False,0.0,0.003,False,20,5,5,2,0,0,0,0,4,36,건물 건설업,1274.0,2025-12-31,2026-04-24
005880,대한해운,3.71,0.31,0.0,False,0,False,0.0,0.0,False,20,4,5,2,0,0,0,0,5,36,해상 운송업,6697.0,2025-12-31,
006040,동원산업,3.97,0.44,3.29,False,3,False,0.0,0.016,True,20,4,0,5,0,3,0,0,4,36,기타 금융업,15427.0,2026-08-31,2026-09-11
009160,SIMPAC,15.73,0.41,6.05,False,2,True,3.817,15.807,False,5,4,5,7,0,0,7,8,0,36,1차 철강 제조업,3239.0,2025-12-31,2026-04-03
014580,태경비케이,4.57,0.46,0.0,False,0,False,0.0,0.0,False,20,4,5,2,0,0,0,0,5,36,"시멘트, 석회, 플라스터 및 그 제품 제조업",1092.0,2025-12-31,2026-04-21
016360,삼성증권,7.94,0.99,4.46,False,3,False,0.0,0.0,False,15,3,5,5,0,3,0,0,5,36,금융 지원 서비스업,80013.0,2025-12-31,2026-04-10
019180,티에이치엔,1.31,0.4,2.4,False,1,False,0.0,0.0,False,20,4,5,2,0,0,0,0,5,36,기타 전기장비 제조업,900.0,2025-12-31,2026-04-24
024110,기업은행,5.93,0.44,5.2,False,0,False,0.0,0.0,False,15,4,5,7,0,0,0,0,5,36,은행 및 저축기관,160681.0,2026-07-31,2026-08-28
024890,대원화성,3.24,0.25,0.0,False,0,False,0.0,1.187,False,20,5,5,2,0,0,0,0,4,36,플라스틱제품 제조업,114.0,2025-12-31,
025000,KPX케미칼,5.55,0.37,6.41,False,10,False,0.0,5.281,False,15,4,5,7,0,5,0,0,0,36,기초 화학물질 제조업,2426.0,2026-07-21,2026-08-11
025540,한국단자공업,5.31,0.48,5.81,False,0,False,0.0,0.0,False,15,4,5,7,0,0,0,0,5,36,"전동기, 발전기 및 전기 변환 · 공급 · 제어 장치 제조업",5573.0,2026-08-31,2026-09-11
029780,삼성카드,7.48,0.5,6.71,False,10,False,0.0,7.896,False,15,4,5,7,0,5,0,0,0,36,기타 금융업,48313.0,2026-03-26,2026-04-17
030720,동원수산,2.75,0.38,0.0,False,0,False,0.0,0.0,False,20,4,5,2,0,0,0,0,5,36,어로 어업,213.0,2025-12-31,
031820,아이티센씨티에스,1.33,0.31,0.0,False,0,False,0.0,0.0,False,20,4,5,2,0,0,0,0,5,36,"컴퓨터 프로그래밍, 시스템 통합 및 관리업",702.0,2025-12-31,
033250,체시스,4.07,0.57,0.0,False,0,False,0.0,0.0,False,20,4,5,2,0,0,0,0,5,36,자동차 신품 부품 제조업,257.0,2025-12-31,
034590,인천도시가스,5.93,0.5,5.27,False,10,False,0.0,5.778,False,15,4,5,7,0,5,0,0,0,36,연료용 가스 제조 및 배관공급업,1142.0,2025-12-31,2026-03-25
036580,팜스코,2.2,0.41,2.04,False,3,False,0.0,4.653,False,20,4,5,2,0,3,0,0,2,36,"곡물가공품, 전분 및 전분제품 제조업",902.0,2026-02-28,2026-04-17
058650,세아홀딩스,7.8,0.22,3.41,False,6,False,0.0,2.61,False,15,5,5,5,0,4,0,0,2,36,1차 철강 제조업,5110.0,2026-03-27,2026-04-23
093240,형지엘리트,1.97,0.15,0.0,False,0,False,0.0,0.793,False,20,5,5,2,0,0,0,0,4,36,봉제의복 제조업,182.0,,
123890,한국자산신탁,6.02,0.27,6.2,False,1,False,0.0,0.006,False,15,5,5,7,0,0,0,0,4,36,신탁업 및 집합투자업,2961.0,2026-03-31,2026-04-16
126720,수산인더스트리,6.32,0.55,4.16,False,3,False,0.0,1.483,False,15,4,5,5,0,3,0,0,4,36,전기 및 통신 공사업,3093.0,2026-02-27,2026-04-17
227840,현대코퍼레이션홀딩스,3.14,0.35,3.96,False,1,False,0.0,3.067,False,20,4,5,5,0,0,0,0,2,36,음·식료품 및 담배 도매업,1150.0,2025-12-31,2026-04-14
267290,경동도시가스,3.72,0.26,0.0,False,0,False,0.0,0.084,False,20,5,5,2,0,0,0,0,4,36,연료용 가스 제조 및 배관공급업,1220.0,2025-12-31,2026-04-23
000370,한화손해보험,3.76,0.42,0.0,False,0,False,0.0,0.723,False,20,4,5,2,0,0,0,0,4,35,보험업,8487.0,2024-03-29,2024-04-15
000430,대원강업,7.67,0.5,2.44,False,5,False,0.0,0.0,False,15,4,5,2,0,4,0,0,5,35,자동차 신품 부품 제조업,2790.0,2026-04-03,2026-04-24
000850,화천기공,7.06,0.24,3.56,False,1,False,0.0,0.0,False,15,5,5,5,0,0,0,0,5,35,특수 목적용 기계 제조업,803.0,2025-12-31,2026-04-24
000950,전방,1.7,0.15,3.31,False,1,False,0.0,32.174,False,20,5,5,5,0,0,0,0,0,35,방적 및 가공사 제조업,507.0,2025-12-31,2026-04-08
003480,한진중공업홀딩스,2.32,0.27,2.58,False,4,False,0.0,11.65,False,20,5,5,2,0,3,0,0,0,35,연료용 가스 제조 및 배관공급업,1372.0,2025-12-31,2026-04-16
003650,미창석유공업,4.0,0.49,2.89,False,7,False,0.0,13.031,False,20,4,5,2,0,4,0,0,0,35,석유 정제품 제조업,2105.0,2025-12-31,2026-04-27
009180,한솔로지스틱스,4.99,0.55,0.0,False,0,False,0.0,0.024,False,20,4,5,2,0,0,0,0,4,35,기타 운송관련 서비스업,791.0,2026-06-30,2026-07-29
009190,대양금속,4.45,0.42,0.0,False,0,False,0.0,0.008,False,20,4,5,2,0,0,0,0,4,35,1차 철강 제조업,338.0,2025-12-31,
013520,화승코퍼레이션,1.64,0.42,2.93,False,7,False,0.0,6.286,False,20,4,5,2,0,4,0,0,0,35,자동차 신품 부품 제조업,1281.0,2025-12-31,2026-04-14
013700,까뮤이앤씨,4.46,0.8,0.0,False,0,False,0.0,0.0,False,20,3,5,2,0,0,0,0,5,35,건물 건설업,894.0,2026-08-31,2026-09-11
014530,극동유화,103.03,0.58,5.88,True,5,False,0.0,0.0,False,5,4,5,7,5,4,0,0,5,35,석유 정제품 제조업,1186.0,2025-12-31,2026-04-21
025530,에스제이엠홀딩스,6.49,0.29,6.83,False,3,False,0.0,9.254,False,15,5,5,7,0,3,0,0,0,35,자동차 부품 및 내장품 판매업,547.0,2025-12-31,2026-04-24
030610,교보증권,7.85,0.52,5.58,False,2,False,0.0,0.96,False,15,4,5,7,0,0,0,0,4,35,금융 지원 서비스업,11225.0,2026-03-31,2026-04-22
033780,케이티앤지,19.87,1.99,3.37,False,10,True,9.315,12.027,False,5,0,5,5,0,5,7,8,0,35,담배 제조업,185094.0,2026-08-21,2026-09-07
035250,강원랜드,9.61,0.72,0.0,False,0,True,2.205,6.602,False,10,3,5,2,0,0,7,8,0,35,유원지 및 기타 오락관련 서비스업,30572.0,2026-04-01,2026-04-24
036530,SNT홀딩스,5.6,0.48,6.72,True,8,False,0.0,8.635,True,15,4,0,7,5,4,0,0,0,35,기타 금융업,7280.0,2026-09-30,
044450,KSS해운,7.7,0.51,3.69,False,9,False,0.0,2.202,False,15,4,5,5,0,4,0,0,2,35,해상 운송업,2754.0,2025-12-31,2026-04-17
090080,평화산업,3.48,0.88,0.0,False,0,False,0.0,0.0,False,20,3,5,2,0,0,0,0,5,35,자동차 신품 부품 제조업,546.0,2025-12-31,
101140,인바이오젠,3.17,0.31,0.0,False,0,False,0.0,0.596,False,20,4,5,2,0,0,0,0,4,35,기계장비 및 관련 물품 도매업,510.0,2024-12-31,
200880,서연이화,5.01,0.26,2.25,False,7,False,0.0,0.021,False,15,5,5,2,0,4,0,0,4,35,자동차 신품 부품 제조업,3008.0,2025-12-31,2026-04-21
214320,이노션,7.84,0.68,6.53,False,2,False,0.0,0.0,False,15,3,5,7,0,0,0,0,5,35,광고업,7196.0,2026-03-25,2026-04-15
298000,효성화학,0.51,0.54,0.0,False,0,False,0.0,0.634,False,20,4,5,2,0,0,0,0,4,35,기초 화학물질 제조업,1994.0,2025-12-31,
001500,현대차증권,7.84,0.3,4.75,False,1,False,0.0,0.0,False,15,4,5,5,0,0,0,0,5,34,금융 지원 서비스업,4817.0,2026-03-31,2026-04-24
005110,한창,0.02,0.08,0.0,False,0,False,0.0,2.952,False,20,5,5,2,0,0,0,0,2,34,기계장비 및 관련 물품 도매업,14.0,2025-12-31,
007590,동방아그로,7.75,0.4,5.77,False,3,False,0.0,7.343,False,15,4,5,7,0,3,0,0,0,34,"비료, 농약 및 살균, 살충제 제조업",756.0,2025-12-31,2026-04-03
010400,우진아이엔에스,4.01,0.33,3.76,False,0,False,0.0,11.571,False,20,4,5,5,0,0,0,0,0,34,건물설비 설치 공사업,304.0,2026-03-17,2026-04-15
015360,INVENI,5.0,0.5,8.1,False,1,False,0.0,10.351,False,15,4,5,10,0,0,0,0,0,34,회사 본부 및 경영 컨설팅 서비스업,3846.0,2026-02-27,2026-04-03
023150,MH에탄올,-13.9,0.48,5.57,False,3,True,4.472,13.146,False,0,4,5,7,0,3,7,8,0,34,알코올음료 제조업,278.0,2025-12-31,2026-04-17
058850,KTcs,4.04,0.4,4.51,False,2,False,0.0,11.119,False,20,4,5,5,0,0,0,0,0,34,기타 정보 서비스업,917.0,2026-02-27,2026-04-24
068290,삼성출판사,5.79,0.36,3.18,False,0,False,0.0,0.0,False,15,4,5,5,0,0,0,0,5,34,"서적, 잡지 및 기타 인쇄물 출판업",628.0,2025-12-31,2026-04-17
092230,KPX홀딩스,5.09,0.34,5.5,False,4,False,0.0,6.529,False,15,4,5,7,0,3,0,0,0,34,기초 화학물질 제조업,3771.0,2026-07-21,2026-08-13
094280,효성 ITX,9.57,1.88,6.31,True,10,False,0.0,4.183,False,10,0,5,7,5,5,0,0,2,34,기타 사업지원 서비스업,1374.0,2026-09-30,
100220,비상교육,3.06,0.31,4.39,False,2,False,0.0,5.734,False,20,4,5,5,0,0,0,0,0,34,"서적, 잡지 및 기타 인쇄물 출판업",651.0,2025-12-31,2026-04-16
100250,진양홀딩스,9.7,0.47,6.59,False,4,False,0.0,0.0,False,10,4,5,7,0,3,0,0,5,34,플라스틱제품 제조업,1939.0,2026-07-21,2026-08-12
139130,iM금융지주,6.69,0.47,3.88,False,1,False,0.0,0.0,False,15,4,5,5,0,0,0,0,5,34,기타 금융업,28553.0,2026-02-27,2026-04-10
139480,이마트,14.61,0.18,3.48,False,10,True,0.022,2.926,False,5,5,5,5,0,5,7,0,2,34,종합 소매업,19841.0,2026-04-01,2026-04-23
163560,동일고무벨트,7.22,0.32,2.71,False,4,False,0.0,0.0,False,15,4,5,2,0,3,0,0,5,34,고무제품 제조업,770.0,2025-12-31,2026-04-17
248170,샘표식품,5.03,0.38,0.91,False,9,False,0.0,0.037,False,15,4,5,2,0,4,0,0,4,34,기타 식품 제조업,1002.0,2025-12-31,2026-04-10
002170,SYTS,6.5,0.3,4.43,False,9,False,0.0,12.0,False,15,4,5,5,0,4,0,0,0,33,"가죽, 가방 및 유사제품 제조업",1557.0,2026-03-23,2026-04-13
005740,크라운해태홀딩스,4.38,0.22,2.5,False,8,False,0.0,3.202,True,20,5,0,2,0,4,0,0,2,33,기타 금융업,771.0,2025-12-31,2026-04-24
014680,한솔케미칼,20.7,2.71,0.97,False,8,True,6.211,4.123,False,5,0,5,2,0,4,7,8,2,33,기초 화학물질 제조업,29036.0,2026-03-30,2026-04-17
014830,유니드,6.32,0.37,3.28,False,2,False,0.0,1.901,False,15,4,5,5,0,0,0,0,4,33,기초 화학물질 제조업,4121.0,2026-03-31,2026-04-17
092780,DYP,5.69,0.3,2.37,True,1,False,0.0,4.158,False,15,4,5,2,5,0,0,0,2,33,자동차용 엔진 및 자동차 제조업,444.0,2025-12-31,2026-04-24
102260,동성케미컬,5.67,0.41,4.03,False,1,False,0.0,1.787,False,15,4,5,5,0,0,0,0,4,33,합성고무 및 플라스틱 물질 제조업,1885.0,2026-06-30,2026-07-31
107590,미원홀딩스,5.27,0.48,1.18,False,4,False,0.0,0.196,False,15,4,5,2,0,3,0,0,4,33,기타 금융업,1380.0,2025-12-31,2026-04-10
111380,동인기연,6.85,0.5,5.28,False,2,False,0.0,3.309,False,15,4,5,7,0,0,0,0,2,33,"가죽, 가방 및 유사제품 제조업",789.0,2026-03-27,2026-04-24
293480,하나제약,7.02,0.47,3.1,False,0,False,0.0,0.976,False,15,4,5,5,0,0,0,0,4,33,의약품 제조업,1493.0,2025-12-31,2026-04-29
317450,명인제약,6.49,0.8,3.44,False,0,False,0.0,0.0,False,15,3,5,5,0,0,0,0,5,33,의약품 제조업,6358.0,2026-08-31,2026-09-18
000050,경방,4.68,0.26,0.0,False,0,False,0.0,5.21,False,20,5,5,2,0,0,0,0,0,32,종합 소매업,2215.0,2025-12-31,2026-04-09
001200,유진증권,6.1,0.33,4.43,False,3,False,0.0,5.19,False,15,4,5,5,0,3,0,0,0,32,금융 지원 서비스업,3938.0,2026-03-31,2026-04-22
002840,미원상사,14.99,1.5,1.75,False,3,True,5.678,4.421,False,5,0,5,2,0,3,7,8,2,32,기타 화학제품 제조업,6179.0,2025-12-31,2026-04-09
007210,벽산,4.26,0.27,2.07,False,0,False,0.0,16.27,False,20,5,5,2,0,0,0,0,0,32,기타 비금속 광물제품 제조업,946.0,2026-03-31,2026-04-24
010960,삼호개발,4.07,0.29,0.0,False,0,False,0.0,5.749,False,20,5,5,2,0,0,0,0,0,32,기반조성 및 시설물 축조관련 전문공사업,743.0,2026-03-31,2026-04-16
014790,HL D&I,7.65,0.2,0.0,False,0,False,0.0,0.0,False,15,5,5,2,0,0,0,0,5,32,토목 건설업,939.0,2026-02-27,2026-04-23
016880,웅진,1.21,0.8,0.0,False,0,False,0.0,2.767,False,20,3,5,2,0,0,0,0,2,32,기타 금융업,1458.0,2025-12-31,
053210,케이티스카이라이프,27.67,0.35,8.66,False,8,False,0.0,0.476,False,5,4,5,10,0,4,0,0,4,32,텔레비전 방송업,1920.0,2026-03-31,2026-04-24
129260,인터지스,5.76,0.18,5.25,False,2,False,0.0,5.156,False,15,5,5,7,0,0,0,0,0,32,도로 화물 운송업,567.0,2025-12-31,2026-04-10
446070,유니드비티플러스,6.48,0.21,0.0,False,0,False,0.0,0.0,False,15,5,5,2,0,0,0,0,5,32,제재 및 목재 가공업,414.0,2025-12-31,
000230,일동홀딩스,6.64,0.43,1.59,False,0,False,0.0,0.0,False,15,4,5,2,0,0,0,0,5,31,의약품 제조업,726.0,2026-03-31,2026-04-24
002100,경농,9.49,0.61,7.73,False,4,False,0.0,8.492,False,10,3,5,10,0,3,0,0,0,31,"비료, 농약 및 살균, 살충제 제조업",1769.0,2026-06-30,2026-08-11
002380,케이씨씨,2.74,0.45,0.0,False,0,False,0.0,17.243,False,20,4,5,2,0,0,0,0,0,31,기타 화학제품 제조업,40730.0,2026-07-31,2026-08-31
003470,유안타증권,9.57,0.46,5.11,False,3,False,0.0,3.302,False,10,4,5,7,0,3,0,0,2,31,금융 지원 서비스업,8295.0,2026-03-31,2026-04-23
006090,사조오양,6.68,0.37,1.11,False,0,False,0.0,0.0,False,15,4,5,2,0,0,0,0,5,31,수산물 가공 및 저장 처리업,845.0,2025-12-31,2026-04-16
006890,태경케미컬,6.46,0.33,0.0,False,0,False,0.0,0.0,False,15,4,5,2,0,0,0,0,5,31,기초 화학물질 제조업,565.0,2025-12-31,2026-04-21
009070,케이씨티시,5.96,0.4,0.0,False,0,False,0.0,0.0,False,15,4,5,2,0,0,0,0,5,31,도로 화물 운송업,1262.0,2025-12-31,2026-04-13
011760,현대코퍼레이션,3.76,0.43,0.0,False,0,False,0.0,9.207,False,20,4,5,2,0,0,0,0,0,31,상품 종합 도매업,3268.0,2025-12-31,2026-04-14
015230,대창단조,6.47,0.51,2.76,True,1,False,0.0,11.754,False,15,4,5,2,5,0,0,0,0,31,자동차 신품 부품 제조업,1770.0,2025-12-31,2026-04-21
015890,태경산업,8.37,0.46,5.2,False,1,False,0.0,0.0,False,10,4,5,7,0,0,0,0,5,31,기초 화학물질 제조업,1404.0,2025-12-31,2026-04-22
017370,우신시스템,4.43,0.33,0.83,False,0,False,0.0,16.994,False,20,4,5,2,0,0,0,0,0,31,특수 목적용 기계 제조업,665.0,2025-12-31,2026-04-24
017550,수산세보틱스,7.21,0.57,0.55,False,2,False,0.0,0.0,False,15,4,5,2,0,0,0,0,5,31,특수 목적용 기계 제조업,1143.0,2025-12-31,2026-04-23
032560,황금에스티,5.23,0.24,2.71,False,2,False,0.0,0.066,False,15,5,5,2,0,0,0,0,4,31,1차 비철금속 제조업,942.0,2025-12-31,2026-04-15
067830,세이브존I&C,7.66,0.2,1.27,False,6,False,0.0,8.184,False,15,5,5,2,0,4,0,0,0,31,종합 소매업,969.0,2025-12-31,2026-04-24
071050,한국금융지주,5.37,0.86,4.93,False,3,False,0.0,5.176,False,15,3,5,5,0,3,0,0,0,31,기타 금융업,98189.0,2026-02-27,2026-04-07
090430,아모레퍼시픽,40.9,1.77,0.89,True,3,True,0.164,0.091,False,5,0,5,2,5,3,7,0,4,31,기타 화학제품 제조업,81656.0,2026-03-31,2026-04-22
108320,LX세미콘,7.37,0.54,0.0,False,0,False,0.0,0.0,False,15,4,5,2,0,0,0,0,5,31,반도체 제조업,6091.0,2026-02-27,2026-04-14
272450,진에어,3.21,1.27,0.0,False,0,False,0.0,1.277,False,20,0,5,2,0,0,0,0,4,31,항공 여객 운송업,3069.0,2025-12-31,
272550,삼양패키징,8.55,0.38,5.09,False,2,False,0.0,0.0,False,10,4,5,7,0,0,0,0,5,31,플라스틱제품 제조업,1480.0,2025-12-31,2026-04-07
000640,동아쏘시오홀딩스,6.91,0.54,1.82,False,1,False,0.0,1.541,False,15,4,5,2,0,0,0,0,4,30,기타 금융업,6288.0,2026-07-31,2026-08-14
000970,한국주철관공업,8.67,0.38,6.2,False,9,False,0.0,5.656,False,10,4,5,7,0,4,0,0,0,30,1차 철강 제조업,1471.0,2025-12-31,2026-04-09
001060,JW중외제약,11.23,1.81,2.34,False,6,True,1.775,2.988,False,5,0,5,2,0,4,7,5,2,30,의약품 제조업,6462.0,2026-04-01,2026-04-24
001450,현대해상,4.16,0.72,0.0,False,0,False,0.0,12.288,False,20,3,5,2,0,0,0,0,0,30,보험업,40450.0,2025-12-31,
002450,삼익악기,5.54,0.29,4.63,False,0,False,0.0,16.017,False,15,5,5,5,0,0,0,0,0,30,악기 제조업,978.0,2025-12-31,2026-04-17
003090,대웅,5.12,0.54,1.3,False,8,False,0.0,28.671,False,15,4,5,2,0,4,0,0,0,30,의약품 제조업,8971.0,2025-12-31,2026-04-10
003200,일신방직,7.51,0.26,3.69,False,2,False,0.0,5.359,False,15,5,5,5,0,0,0,0,0,30,방적 및 가공사 제조업,2491.0,2026-03-10,2026-04-03
003610,방림,33.17,0.97,1.29,False,2,True,10.926,19.996,False,5,3,5,2,0,0,7,8,0,30,직물직조 및 직물제품 제조업,1747.0,2026-09-30,
004140,동방,5.13,0.5,1.63,False,2,False,0.0,0.369,False,15,4,5,2,0,0,0,0,4,30,기타 운송관련 서비스업,884.0,2026-03-31,2026-04-27
005750,대림바스,5.28,0.41,0.0,False,0,False,0.0,1.431,False,15,4,5,2,0,0,0,0,4,30,"내화, 비내화 요업제품 제조업",703.0,2025-12-31,2026-04-10
006880,신송홀딩스,13.78,0.43,2.83,False,6,True,1.014,8.785,False,5,4,5,2,0,4,7,3,0,30,산업용 농·축산물 및 동·식물 도매업,502.0,2025-12-31,2026-04-24
009900,명신산업,6.6,0.6,1.16,False,0,False,0.0,0.0,False,15,3,5,2,0,0,0,0,5,30,자동차 신품 부품 제조업,4507.0,2026-04-01,2026-04-17
012030,DB,8.38,0.87,0.0,True,10,False,0.0,5.042,False,10,3,5,2,5,5,0,0,0,30,"컴퓨터 프로그래밍, 시스템 통합 및 관리업",4114.0,2025-12-31,
013570,디와이,7.83,0.26,4.07,False,1,False,0.0,6.271,False,15,5,5,5,0,0,0,0,0,30,기타 금융업,1100.0,2026-03-26,2026-04-21
017940,E1,5.98,0.26,4.98,False,1,False,0.0,15.718,False,15,5,5,5,0,0,0,0,0,30,기타 전문 도매업,6270.0,2026-07-31,2026-08-14
033270,유나이티드,9.0,0.68,3.41,False,10,False,0.0,2.896,False,10,3,5,5,0,5,0,0,2,30,의약품 제조업,2850.0,2025-12-31,2026-04-13
064960,SNT모티브,10.18,0.63,6.37,True,10,False,0.0,10.196,False,5,3,5,7,5,5,0,0,0,30,자동차 신품 부품 제조업,7086.0,2026-09-30,
069620,대웅제약,6.51,1.26,0.54,False,8,False,0.0,0.693,False,15,0,5,2,0,4,0,0,4,30,의약품 제조업,12757.0,2025-12-31,2026-04-10
073240,금호타이어,5.53,0.95,0.0,False,0,False,0.0,0.0,False,15,3,5,2,0,0,0,0,5,30,고무제품 제조업,19189.0,2025-12-31,
095570,AJ네트웍스,6.83,0.42,0.0,False,0,False,0.0,1.109,False,15,4,5,2,0,0,0,0,4,30,산업용 기계 및 장비 임대업,1941.0,2026-08-05,2026-08-20
105630,한세실업,6.19,0.47,0.0,False,0,False,0.0,1.543,False,15,4,5,2,0,0,0,0,4,30,봉제의복 제조업,3544.0,2026-03-31,2026-04-14
192400,쿠쿠홀딩스,6.6,0.63,5.74,False,0,False,0.0,12.608,False,15,3,5,7,0,0,0,0,0,30,기타 금융업,9602.0,2025-12-31,2026-04-15
383220,F&F,7.07,1.47,3.67,False,3,False,0.0,2.155,False,15,0,5,5,0,3,0,0,2,30,봉제의복 제조업,28194.0,2025-12-31,2026-04-20
000120,CJ대한통운,6.58,0.34,1.15,False,3,False,0.0,12.569,False,15,4,5,2,0,3,0,0,0,29,도로 화물 운송업,15923.0,2026-03-31,2026-04-24
002150,도화엔지니어링,23.02,0.66,6.01,False,10,False,0.0,1.258,False,5,3,5,7,0,5,0,0,4,29,"건축기술, 엔지니어링 및 관련 기술 서비스업",1684.0,2025-12-31,2026-03-31
003300,한일홀딩스,16.82,0.32,5.81,False,5,False,0.0,0.005,False,5,4,5,7,0,4,0,0,4,29,"시멘트, 석회, 플라스터 및 그 제품 제조업",5309.0,2025-12-31,2026-04-08
003540,대신증권,12.33,0.47,4.76,False,3,True,0.0,19.411,False,5,4,5,5,0,3,7,0,0,29,금융 지원 서비스업,12012.0,2026-03-27,2026-04-15
003570,SNT다이내믹스,16.74,0.85,5.81,True,7,False,0.0,28.937,False,5,3,5,7,5,4,0,0,0,29,자동차 신품 부품 제조업,10308.0,2026-09-30,
004800,효성,7.81,1.05,3.25,False,2,False,0.0,0.136,False,15,0,5,5,0,0,0,0,4,29,기타 금융업,25780.0,2025-12-31,2026-04-02
005830,DB손해보험,7.49,1.05,4.02,False,6,False,0.0,12.597,False,15,0,5,5,0,4,0,0,0,29,보험업,123927.0,2026-03-27,2026-04-17
005850,에스엘,7.68,0.93,0.0,False,0,False,0.0,0.846,False,15,3,5,2,0,0,0,0,4,29,자동차 신품 부품 제조업,23875.0,2026-03-20,2026-04-15
009270,신원,-45.25,0.42,4.6,False,0,True,5.224,21.765,False,0,4,5,5,0,0,7,8,0,29,봉제의복 제조업,1246.0,2025-12-31,2026-04-17
009410,태영건설,7.6,0.81,0.0,False,0,False,0.0,0.002,False,15,3,5,2,0,0,0,0,4,29,토목 건설업,5245.0,2025-12-31,
014820,동원시스템즈,11.83,0.74,2.76,True,5,False,0.0,0.0,False,5,3,5,2,5,4,0,0,5,29,플라스틱제품 제조업,6291.0,2026-08-27,2026-09-09
016800,퍼시스,7.85,0.36,4.12,False,0,False,0.0,22.183,False,15,4,5,5,0,0,0,0,0,29,가구 제조업,2795.0,2025-12-31,2026-04-10
026960,동서,18.0,1.5,4.36,True,10,False,0.0,1.027,False,5,0,5,5,5,5,0,0,4,29,음·식료품 및 담배 도매업,26072.0,2026-08-31,2026-09-18
069260,티케이지휴켐스,10.84,0.68,6.29,True,6,False,0.0,6.135,False,5,3,5,7,5,4,0,0,0,29,기타 화학제품 제조업,6496.0,2026-02-27,2026-04-24
083420,그린케미칼,13.93,0.91,5.05,False,7,False,0.0,0.0,False,5,3,5,7,0,4,0,0,5,29,기타 화학제품 제조업,1140.0,2026-08-07,2026-08-21
090350,노루페인트,10.31,0.41,4.83,False,10,False,0.0,0.0,False,5,4,5,5,0,5,0,0,5,29,기타 화학제품 제조업,1658.0,2025-12-31,2026-04-17
101530,해태제과식품,6.91,0.48,4.52,False,1,False,0.0,8.927,False,15,4,5,5,0,0,0,0,0,29,기타 식품 제조업,1610.0,2025-12-31,2026-04-21
134380,미원화학,0.0,0.0,4.76,False,9,True,3.729,11.324,False,0,0,5,5,0,4,7,8,0,29,기타 화학제품 제조업,2256.0,2026-06-30,2026-07-24
268280,미원에스씨,10.06,1.33,2.59,False,2,True,2.168,3.48,False,5,0,5,2,0,0,7,8,2,29,기초 화학물질 제조업,6170.0,2026-06-30,2026-07-24
271980,제일약품,6.52,0.72,0.0,False,0,False,0.0,0.907,False,15,3,5,2,0,0,0,0,4,29,의약품 제조업,1523.0,2025-12-31,
000320,노루홀딩스,6.54,0.33,3.83,False,6,False,0.0,22.48,True,15,4,0,5,0,4,0,0,0,28,기타 금융업,2083.0,2025-12-31,2026-04-17
001720,신영증권,15.43,0.55,3.57,True,5,False,0.0,53.102,False,5,4,5,5,5,4,0,0,0,28,금융 지원 서비스업,23016.0,2026-03-31,2026-06-26
003690,코리안리,8.8,0.7,3.92,True,1,False,0.0,9.291,False,10,3,5,5,5,0,0,0,0,28,재 보험업,25695.0,2026-04-01,2026-04-22
008490,서흥,5.41,0.46,2.46,False,2,False,0.0,3.743,False,15,4,5,2,0,0,0,0,2,28,기타 화학제품 제조업,2354.0,2025-12-31,2026-04-08
009200,무림페이퍼,-4.12,0.15,8.22,False,4,False,0.0,0.0,False,0,5,5,10,0,3,0,0,5,28,"펄프, 종이 및 판지 제조업",633.0,2026-03-10,2026-04-08
009680,모토닉,10.57,0.45,7.9,False,7,False,0.0,22.877,False,5,4,5,10,0,4,0,0,0,28,자동차 신품 부품 제조업,2173.0,2025-12-31,2026-04-06
014440,영보화학,5.55,0.48,0.0,False,0,False,0.0,2.5,False,15,4,5,2,0,0,0,0,2,28,플라스틱제품 제조업,933.0,2025-12-31,2026-04-15
016450,한세예스24홀딩스,-5.18,0.37,11.67,False,10,False,0.0,1.8,False,0,4,5,10,0,5,0,0,4,28,봉제의복 제조업,1714.0,2026-03-31,2026-04-15
023530,롯데쇼핑,53.68,0.18,4.09,False,5,False,0.0,0.064,False,5,5,5,5,0,4,0,0,4,28,종합 소매업,27666.0,2026-06-30,2026-07-31
092790,넥스틸,10.05,0.78,8.29,False,1,False,0.0,0.0,False,5,3,5,10,0,0,0,0,5,28,1차 철강 제조업,3622.0,2025-12-31,
117580,대성에너지,11.32,0.59,3.52,False,10,False,0.0,1.111,False,5,4,5,5,0,5,0,0,4,28,연료용 가스 제조 및 배관공급업,1955.0,2025-12-31,2026-04-22
381970,케이카,0.0,0.0,19.05,True,4,False,0.0,0.0,False,0,0,5,10,5,3,0,0,5,28,자동차 판매업,3076.0,2026-06-30,2026-08-27
000720,현대건설,34.07,1.54,0.71,True,10,False,0.0,0.0,False,5,0,5,2,5,5,0,0,5,27,토목 건설업,125943.0,2026-03-31,2026-04-24
000880,한화,30.67,0.91,0.91,False,10,True,0.0,5.904,False,5,3,5,2,0,5,7,0,0,27,기타 화학제품 제조업,64421.0,2026-03-31,2026-04-24
001380,SG글로벌,8.84,0.16,0.0,False,0,False,0.0,0.0,False,10,5,5,2,0,0,0,0,5,27,자동차 신품 부품 제조업,248.0,2025-12-31,
001520,동양,6.63,0.15,0.0,False,0,False,0.0,20.463,False,15,5,5,2,0,0,0,0,0,27,"시멘트, 석회, 플라스터 및 그 제품 제조업",1193.0,2025-12-31,
003030,세아제강지주,7.18,0.21,1.64,False,1,False,0.0,0.0,True,15,5,0,2,0,0,0,0,5,27,기타 금융업,4539.0,2026-03-27,2026-04-22
003460,유화증권,12.42,0.4,7.38,False,3,False,0.0,18.26,False,5,4,5,10,0,3,0,0,0,27,금융 지원 서비스업,1690.0,2026-03-31,2026-04-27
005300,롯데칠성음료,20.42,0.63,3.55,False,6,False,0.0,0.0,False,5,3,5,5,0,4,0,0,5,27,비알코올음료 및 얼음 제조업,8898.0,2026-03-31,2026-04-17
005430,한국공항,7.55,0.73,1.03,False,0,False,0.0,3.415,False,15,3,5,2,0,0,0,0,2,27,기타 운송관련 서비스업,3062.0,2025-12-31,2026-04-24
006800,미래에셋증권,14.37,1.36,0.97,False,2,True,4.127,18.981,False,5,0,5,2,0,0,7,8,0,27,금융 지원 서비스업,168065.0,2026-03-17,2026-04-22
008060,대덕,161.29,0.92,7.09,False,7,False,0.0,5.621,False,5,3,5,10,0,4,0,0,0,27,기타 금융업,5097.0,2026-03-31,2026-04-22
012320,경동인베스트,6.15,0.21,0.0,False,0,False,0.0,7.808,False,15,5,5,2,0,0,0,0,0,27,기타 금융업,1138.0,2025-12-31,2026-04-27
044820,코스맥스비티아이,8.34,0.88,3.08,False,2,False,0.0,0.511,False,10,3,5,5,0,0,0,0,4,27,기타 금융업,2435.0,2026-03-31,2026-04-17
068270,셀트리온,43.32,2.45,0.0,False,0,True,4.131,5.346,False,5,0,5,2,0,0,7,8,0,27,기초 의약물질 제조업,427085.0,2025-12-31,2026-04-22
088350,한화생명,7.26,0.29,0.0,False,0,False,0.0,13.487,False,15,5,5,2,0,0,0,0,0,27,보험업,46553.0,2025-12-31,
100840,SNT에너지,8.19,1.81,3.44,True,1,False,0.0,4.447,False,10,0,5,5,5,0,0,0,2,27,일반 목적용 기계 제조업,6600.0,2026-09-30,
105560,KB금융,11.15,1.02,2.59,False,0,True,4.524,5.997,False,5,0,5,2,0,0,7,8,0,27,기타 금융업,597649.0,2026-08-07,2026-08-21
111770,영원무역,6.38,0.74,2.96,False,2,False,0.0,3.952,False,15,3,5,2,0,0,0,0,2,27,상품 종합 도매업,31417.0,2026-08-28,2026-09-18
181710,NHN,60.27,1.21,0.0,False,0,True,10.293,5.89,False,5,0,5,2,0,0,7,8,0,27,소프트웨어 개발 및 공급업,18589.0,2026-03-31,2026-04-24
234080,JW생명과학,6.05,0.77,0.0,False,0,False,0.0,2.21,False,15,3,5,2,0,0,0,0,2,27,의약품 제조업,1732.0,2026-04-01,2026-04-24
259960,크래프톤,13.1,1.28,1.11,False,0,True,7.195,5.836,False,5,0,5,2,0,0,7,8,0,27,소프트웨어 개발 및 공급업,92865.0,2026-02-27,2026-04-22
300720,한일시멘트,15.31,0.64,6.16,False,4,False,0.0,0.004,False,5,3,5,7,0,3,0,0,4,27,"시멘트, 석회, 플라스터 및 그 제품 제조업",11944.0,2025-12-31,2026-04-08
439260,대한조선,6.43,1.66,0.53,False,0,False,0.0,0.0,False,15,0,5,2,0,0,0,0,5,27,선박 및 보트 건조업,17902.0,2025-12-31,2026-04-30
484870,엠앤씨솔루션,5.89,1.09,1.82,False,1,False,0.0,0.0,False,15,0,5,2,0,0,0,0,5,27,특수 목적용 기계 제조업,5432.0,2025-12-31,2026-04-10
000700,유수홀딩스,37.67,0.52,5.28,False,2,False,0.0,0.0,False,5,4,5,7,0,0,0,0,5,26,회사 본부 및 경영 컨설팅 서비스업,1727.0,2026-04-03,2026-04-24
001560,제일연마,6.66,0.56,0.0,False,0,False,0.0,32.245,False,15,4,5,2,0,0,0,0,0,26,기타 비금속 광물제품 제조업,701.0,2025-12-31,2026-04-09
002620,제일파마홀딩스,8.25,0.36,0.93,False,3,False,0.0,3.895,False,10,4,5,2,0,3,0,0,2,26,회사 본부 및 경영 컨설팅 서비스업,1208.0,2025-12-31,2026-04-22
005870,휴니드테크놀러지스,5.88,0.35,0.0,False,0,False,0.0,7.265,False,15,4,5,2,0,0,0,0,0,26,통신 및 방송 장비 제조업,632.0,2025-12-31,
006060,화승인더스트리,6.49,0.33,0.0,False,0,False,0.0,13.378,False,15,4,5,2,0,0,0,0,0,26,상품 종합 도매업,1256.0,2025-12-31,2026-04-03
009970,영원무역홀딩스,6.21,0.65,3.9,False,3,False,0.0,14.033,True,15,3,0,5,0,3,0,0,0,26,기타 금융업,21840.0,2026-10-19,
031210,서울보증보험,11.19,0.58,6.66,False,1,False,0.0,0.0,False,5,4,5,7,0,0,0,0,5,26,보험업,30023.0,2026-08-26,2026-09-10
035510,신세계I&C,7.89,0.47,0.0,False,0,False,0.0,5.973,False,15,4,5,2,0,0,0,0,0,26,"컴퓨터 프로그래밍, 시스템 통합 및 관리업",2171.0,2026-03-31,2026-04-23
047810,한국항공우주,65.08,6.61,0.4,True,5,False,0.0,0.0,False,5,0,5,2,5,4,0,0,5,26,"항공기,우주선 및 부품 제조업",120967.0,2026-04-01,2026-04-24
081000,일진다이아,19.83,0.33,3.13,False,3,False,0.0,0.034,False,5,4,5,5,0,3,0,0,4,26,기타 화학제품 제조업,1361.0,2025-12-31,2026-04-03
097950,CJ제일제당,-5.24,0.41,3.28,True,10,False,0.0,2.188,False,0,4,5,5,5,5,0,0,2,26,기타 식품 제조업,27504.0,2026-08-31,2026-09-30
210980,SK디앤디,8.14,0.1,2.1,False,0,False,0.0,0.061,False,10,5,5,2,0,0,0,0,4,26,부동산 임대 및 공급업,577.0,2025-12-31,
213500,한솔제지,43.93,0.24,6.98,False,2,False,0.0,0.103,False,5,5,5,7,0,0,0,0,4,26,"펄프, 종이 및 판지 제조업",1704.0,2026-09-30,
352820,하이브,-29.47,2.18,0.3,False,1,True,2.085,0.266,False,0,0,5,2,0,0,7,8,4,26,오디오물 출판 및 원판 녹음업,72075.0,2026-03-13,2026-04-16
402340,SK스퀘어,17.29,5.48,0.0,False,0,True,1.234,0.16,False,5,0,5,2,0,0,7,3,4,26,기타 금융업,1515807.0,2026-05-15,2026-06-05
002790,아모레퍼시픽홀딩스,19.71,0.68,1.53,True,3,False,0.0,3.485,False,5,3,5,2,5,3,0,0,2,25,기타 화학제품 제조업,20032.0,2026-03-31,2026-04-22
003530,한화투자증권,9.83,0.48,0.0,False,0,False,0.0,0.582,False,10,4,5,2,0,0,0,0,4,25,금융 지원 서비스업,9805.0,2025-12-31,
005820,원림,8.87,0.23,3.2,False,1,False,0.0,10.494,False,10,5,5,5,0,0,0,0,0,25,직물직조 및 직물제품 제조업,331.0,2025-12-31,2026-04-24
009140,경인전자,9.62,0.38,2.13,False,9,False,0.0,16.467,False,10,4,5,2,0,4,0,0,0,25,전자부품 제조업,368.0,2025-12-31,2026-04-08
016580,환인제약,13.87,0.45,2.96,False,10,False,0.0,0.624,False,5,4,5,2,0,5,0,0,4,25,의약품 제조업,1886.0,2025-12-31,2026-04-15
018670,SK가스,10.63,0.83,3.33,False,10,False,0.0,2.76,False,5,3,5,5,0,5,0,0,2,25,기타 전문 도매업,25073.0,2026-07-31,2026-08-14
024070,WISCOM,22.4,0.34,2.54,False,6,False,0.0,0.0,False,5,4,5,2,0,4,0,0,5,25,플라스틱제품 제조업,302.0,2025-12-31,2026-04-17
036460,한국가스공사,24.91,0.29,3.21,True,0,False,0.0,5.457,False,5,5,5,5,5,0,0,0,0,25,연료용 가스 제조 및 배관공급업,33140.0,2025-12-31,2026-04-23
060980,HL홀딩스,16.93,0.32,5.32,False,1,False,0.0,1.461,False,5,4,5,7,0,0,0,0,4,25,기타 금융업,3368.0,2026-06-30,2026-07-20
063160,종근당바이오,9.72,0.65,0.0,False,0,False,0.0,0.0,False,10,3,5,2,0,0,0,0,5,25,의약품 제조업,846.0,2025-12-31,
114090,GKL,11.09,1.18,4.91,True,1,False,0.0,0.0,False,5,0,5,5,5,0,0,0,5,25,유원지 및 기타 오락관련 서비스업,5221.0,2026-08-27,2026-09-10
122900,아이마켓코리아,12.98,0.69,5.53,True,0,False,0.0,5.877,False,5,3,5,7,5,0,0,0,0,25,상품 종합 도매업,2721.0,2026-09-30,
298020,효성티앤씨,112.65,0.77,3.59,False,3,False,0.0,0.828,False,5,3,5,5,0,3,0,0,4,25,화학섬유 제조업,12182.0,2025-12-31,2026-04-02
308170,씨티알모빌리티,-8.87,0.33,0.0,True,6,False,0.0,0.0,False,0,4,5,2,5,4,0,0,5,25,자동차 신품 부품 제조업,286.0,2025-12-31,
339770,교촌에프앤비,11.14,1.04,7.67,False,1,False,0.0,0.0,False,5,0,5,10,0,0,0,0,5,25,음·식료품 및 담배 도매업,1954.0,2026-08-27,2026-09-10
487570,HS효성,9.54,0.36,1.99,False,0,False,0.0,0.529,False,10,4,5,2,0,0,0,0,4,25,기타 금융업,1870.0,2025-12-31,2026-04-02
000390,SP삼화,25.6,0.57,4.85,False,1,False,0.0,0.0,False,5,4,5,5,0,0,0,0,5,24,기타 화학제품 제조업,1964.0,2026-02-28,2026-04-14
001120,LX인터내셔널,12.07,0.57,4.53,True,2,False,0.0,7.204,False,5,4,5,5,5,0,0,0,0,24,상품 중개업,17113.0,2026-02-27,2026-04-14
001680,대상,-2.09,0.59,4.82,False,10,False,0.0,0.0,False,0,4,5,5,0,5,0,0,5,24,기타 식품 제조업,6112.0,2026-03-31,2026-04-23
001940,KISCO홀딩스,-20.2,0.28,7.12,False,7,False,0.0,13.345,False,0,5,5,10,0,4,0,0,0,24,1차 철강 제조업,3686.0,2025-12-31,2026-04-15
002600,조흥,10.28,0.55,4.33,False,0,False,0.0,0.0,False,5,4,5,5,0,0,0,0,5,24,기타 식품 제조업,831.0,2026-03-13,2026-04-10
002700,신일전자,0.0,0.0,1.9,False,1,True,8.861,4.129,False,0,0,5,2,0,0,7,8,2,24,기계장비 및 관련 물품 도매업,721.0,2025-12-31,2026-04-17
002990,금호건설,6.78,1.7,1.72,False,0,False,0.0,2.844,False,15,0,5,2,0,0,0,0,2,24,건물 건설업,4330.0,2026-03-31,2026-04-14
003550,LG,24.5,0.61,2.73,False,10,False,0.0,1.927,False,5,3,5,2,0,5,0,0,4,24,기타 금융업,171452.0,2026-09-11,2026-09-23
004090,한국석유공업,28.88,0.73,1.01,True,2,False,0.0,0.409,False,5,3,5,2,5,0,0,0,4,24,기타 비금속 광물제품 제조업,1507.0,2025-12-31,2026-04-14
005490,POSCO홀딩스,38.4,0.42,3.22,True,2,False,0.0,6.564,False,5,4,5,5,5,0,0,0,0,24,1차 철강 제조업,246045.0,2026-08-24,2026-09-07
005800,신영와코루,19.23,0.31,1.31,False,3,False,0.0,0.0,False,5,4,5,2,0,3,0,0,5,24,봉제의복 제조업,1206.0,2025-12-31,2026-04-16
006220,제주은행,25.09,0.57,1.03,False,3,False,0.0,0.0,False,5,4,5,2,0,3,0,0,5,24,은행 및 저축기관,3670.0,2026-03-31,2026-04-22
007310,오뚜기,18.15,0.52,2.87,True,3,False,0.0,14.185,False,5,4,5,2,5,3,0,0,0,24,기타 식품 제조업,12565.0,2026-03-27,2026-04-20
009580,무림P&P,-3.28,0.19,7.01,False,2,False,0.0,0.007,False,0,5,5,10,0,0,0,0,4,24,"펄프, 종이 및 판지 제조업",1113.0,2026-03-10,2026-04-08
023450,동남합성,0.0,0.0,2.93,False,1,True,5.286,3.829,False,0,0,5,2,0,0,7,8,2,24,기초 화학물질 제조업,1106.0,2026-07-24,2026-08-14
030190,NICE평가정보,13.05,2.14,3.01,False,10,False,0.0,0.72,False,5,0,5,5,0,5,0,0,4,24,기타 정보 서비스업,9877.0,2026-03-31,2026-04-17
034310,NICE,11.55,0.54,4.78,False,10,False,0.0,5.455,False,5,4,5,5,0,5,0,0,0,24,회사 본부 및 경영 컨설팅 서비스업,4308.0,2026-03-31,2026-04-24
039570,HDC랩스,15.7,0.64,6.07,False,8,False,0.0,11.493,False,5,3,5,7,0,4,0,0,0,24,전기 및 통신 공사업,1923.0,2026-03-31,2026-04-24
071840,롯데하이마트,-0.46,0.15,5.05,False,3,False,0.0,1.999,False,0,5,5,7,0,3,0,0,4,24,가전제품 및 정보통신장비 소매업,1402.0,2026-03-31,2026-04-17
084690,대상홀딩스,-2.74,0.47,3.8,False,10,False,0.0,0.0,False,0,4,5,5,0,5,0,0,5,24,기타 금융업,2857.0,2026-03-31,2026-04-24
104700,한국철강,17.02,0.41,7.95,False,0,False,0.0,11.434,False,5,4,5,10,0,0,0,0,0,24,1차 철강 제조업,3437.0,2025-12-31,2026-04-15
120110,코오롱인더,44.54,0.43,2.31,False,7,False,0.0,0.023,False,5,4,5,2,0,4,0,0,4,24,화학섬유 제조업,16860.0,2026-08-21,2026-09-04
001460,BYC,15.98,0.54,1.07,True,1,False,0.0,2.662,False,5,4,5,2,5,0,0,0,2,23,봉제의복 제조업,2327.0,2025-12-31,2026-04-23
001740,SK네트웍스,28.53,0.62,3.89,False,10,False,0.0,12.359,False,5,3,5,5,0,5,0,0,0,23,기타 전문 도매업,12878.0,2026-08-31,2026-09-11
003850,보령,11.72,0.88,1.82,False,7,False,0.0,1.523,False,5,3,5,2,0,4,0,0,4,23,의약품 제조업,7524.0,2025-12-31,2026-04-28
003920,남양유업,48.51,0.35,3.38,False,1,False,0.0,1.401,False,5,4,5,5,0,0,0,0,4,23,동·식물성 유지 및 낙농제품 제조업,2397.0,2025-12-31,2026-04-24
004000,롯데정밀화학,10.38,0.45,3.51,False,1,False,0.0,1.279,False,5,4,5,5,0,0,0,0,4,23,기초 화학물질 제조업,11017.0,2026-03-31,2026-04-17
004830,덕성,10.75,0.54,3.32,False,8,False,0.0,10.418,False,5,4,5,5,0,4,0,0,0,23,플라스틱제품 제조업,543.0,2025-12-31,2026-04-16
007070,GS리테일,42.77,0.56,2.7,False,3,False,0.0,0.05,False,5,4,5,2,0,3,0,0,4,23,종합 소매업,18561.0,2026-02-27,2026-04-02
007570,일양약품,23.45,0.64,1.87,True,3,False,0.0,5.943,False,5,3,5,2,5,3,0,0,0,23,의약품 제조업,1584.0,2025-12-31,2026-04-24
008250,이건산업,-2.52,0.19,3.06,False,3,False,0.0,0.0,False,0,5,5,5,0,3,0,0,5,23,나무제품 제조업,358.0,2025-12-31,2026-04-22
011200,HMM,10.95,0.76,3.27,False,1,False,0.0,0.0,False,5,3,5,5,0,0,0,0,5,23,해상 운송업,201853.0,2026-02-27,2026-04-24
017800,현대엘리베이터,10.83,1.94,19.3,False,3,False,0.0,7.642,False,5,0,5,10,0,3,0,0,0,23,일반 목적용 기계 제조업,28381.0,2026-08-31,2026-09-18
042660,한화오션,18.52,3.74,0.0,False,0,True,0.15,0.005,False,5,0,5,2,0,0,7,0,4,23,선박 및 보트 건조업,230729.0,2025-12-31,
075180,새론오토모티브,-107.41,0.23,4.83,False,4,False,0.0,0.0,False,0,5,5,5,0,3,0,0,5,23,자동차 신품 부품 제조업,557.0,2025-12-31,2026-04-10
143210,핸즈코퍼레이션,-0.3,0.28,0.0,False,0,True,0.0,1.731,False,0,5,5,2,0,0,7,0,4,23,자동차 신품 부품 제조업,336.0,2025-12-31,
192080,더블유게임즈,9.34,0.93,2.11,False,3,False,0.0,10.308,False,10,3,5,2,0,3,0,0,0,23,소프트웨어 개발 및 공급업,12069.0,2026-02-28,2026-04-17
271560,오리온,10.89,1.09,3.32,False,8,False,0.0,0.019,False,5,0,5,5,0,4,0,0,4,23,기타 식품 제조업,41663.0,2026-07-21,2026-08-06
282330,BGF리테일,11.49,1.71,3.16,False,5,False,0.0,0.051,False,5,0,5,5,0,4,0,0,4,23,종합 소매업,22435.0,2026-02-28,2026-04-10
286940,롯데이노베이트,26.88,0.63,3.96,False,1,False,0.0,0.0,False,5,3,5,5,0,0,0,0,5,23,"컴퓨터 프로그래밍, 시스템 통합 및 관리업",2672.0,2026-03-31,2026-04-17
306200,세아제강,14.23,0.38,3.65,False,0,False,0.0,1.276,False,5,4,5,5,0,0,0,0,4,23,1차 철강 제조업,4269.0,2026-03-27,2026-04-17
361610,SK아이이테크놀로지,-6.57,0.58,0.0,False,0,True,0.007,0.0,False,0,4,5,2,0,0,7,0,5,23,일차전지 및 이차전지 제조업,15041.0,2025-12-31,
375500,DL이앤씨,8.43,0.58,1.22,False,2,False,0.0,3.067,False,10,4,5,2,0,0,0,0,2,23,토목 건설업,28130.0,2026-03-31,2026-04-24
000660,SK하이닉스,29.92,10.27,0.17,True,3,False,0.0,3.614,False,5,0,5,2,5,3,0,0,2,22,반도체 제조업,12885885.0,2026-08-31,2026-09-30
001270,부국증권,14.8,0.54,4.75,False,3,False,0.0,33.412,False,5,4,5,5,0,3,0,0,0,22,금융 지원 서비스업,5237.0,2026-04-03,2026-04-22
004100,태양금속공업,37.01,0.77,0.31,False,4,False,0.0,0.69,False,5,3,5,2,0,3,0,0,4,22,자동차 신품 부품 제조업,1182.0,2025-12-31,2026-04-23
004450,삼화왕관,14.06,0.45,4.29,False,3,False,0.0,11.061,False,5,4,5,5,0,3,0,0,0,22,기타 금속 가공제품 제조업,603.0,2026-06-30,2026-08-10
011210,현대위아,14.47,0.39,2.28,False,8,False,0.0,2.196,False,5,4,5,2,0,4,0,0,2,22,자동차 신품 부품 제조업,14332.0,2026-04-02,2026-04-24
012690,모나리자,41.85,0.64,3.51,False,0,False,0.0,0.029,False,5,3,5,5,0,0,0,0,4,22,기타 종이 및 판지 제품 제조업,520.0,2026-03-20,2026-04-09
017390,서울도시가스,8.74,0.19,0.0,False,0,False,0.0,21.344,False,10,5,5,2,0,0,0,0,0,22,연료용 가스 제조 및 배관공급업,2678.0,2025-12-31,2026-04-13
037270,YG PLUS,9.05,1.08,0.0,False,0,False,0.0,0.0,False,10,0,5,2,0,0,0,0,5,22,"자료처리, 호스팅, 포털 및 기타 인터넷 정보매개 서비스업",2034.0,2026-03-13,2026-04-13
037560,LG헬로비전,68.17,0.27,0.0,False,0,False,0.0,0.0,False,5,5,5,2,0,0,0,0,5,22,텔레비전 방송업,1214.0,2025-12-31,
047050,포스코인터내셔널,16.44,1.46,3.22,False,10,False,0.0,3.114,False,5,0,5,5,0,5,0,0,2,22,상품 중개업,100980.0,2026-08-18,2026-09-03
053690,한미글로벌,12.0,0.95,1.97,True,2,False,0.0,3.17,False,5,3,5,2,5,0,0,0,2,22,"건축기술, 엔지니어링 및 관련 기술 서비스업",2224.0,2025-12-31,2026-04-10
071970,HD현대마린엔진,9.39,3.17,0.0,False,0,False,0.0,0.0,False,10,0,5,2,0,0,0,0,5,22,일반 목적용 기계 제조업,15502.0,,
078000,텔코웨어,20.25,0.62,4.73,False,5,False,0.0,44.113,False,5,3,5,5,0,4,0,0,0,22,"자료처리, 호스팅, 포털 및 기타 인터넷 정보매개 서비스업",1250.0,2025-12-31,2026-04-10
086280,현대글로비스,8.42,1.41,2.98,False,1,False,0.0,0.0,False,10,0,5,2,0,0,0,0,5,22,기타 운송관련 서비스업,145950.0,2026-03-31,2026-04-24
092440,기신정기,-67.96,0.22,5.45,False,0,False,0.0,0.0,False,0,5,5,7,0,0,0,0,5,22,특수 목적용 기계 제조업,536.0,2026-03-31,2026-07-09
280360,롯데웰푸드,15.85,0.49,2.69,False,8,False,0.0,4.979,False,5,4,5,2,0,4,0,0,2,22,기타 식품 제조업,11285.0,2026-03-31,2026-04-20
443060,HD현대마린솔루션,36.75,12.01,1.79,True,1,False,0.0,0.0,False,5,0,5,2,5,0,0,0,5,22,"건축기술, 엔지니어링 및 관련 기술 서비스업",99082.0,2026-08-11,2026-08-25
000220,유유제약,9.28,0.55,2.98,False,1,False,0.0,6.561,False,10,4,5,2,0,0,0,0,0,21,의약품 제조업,608.0,2025-12-31,2026-04-15
001780,알루코,10.52,0.5,0.0,False,0,False,0.0,0.0,False,5,4,5,2,0,0,0,0,5,21,1차 비철금속 제조업,1630.0,2025-12-31,
001820,삼화콘덴서공업,135.32,6.11,0.31,False,6,False,0.0,0.0,False,5,0,5,2,0,4,0,0,5,21,전자부품 제조업,16965.0,2025-12-31,2026-04-24
002020,코오롱,-2.01,0.18,2.37,False,10,False,0.0,0.079,False,0,5,5,2,0,5,0,0,4,21,기타 금융업,2995.0,2026-03-13,2026-04-06
002030,아세아,13.75,0.28,2.75,False,6,False,0.0,20.648,False,5,5,5,2,0,4,0,0,0,21,회사 본부 및 경영 컨설팅 서비스업,4200.0,2025-12-31,2026-04-16
002240,고려제강,47.33,0.25,2.08,False,0,False,0.0,0.06,False,5,5,5,2,0,0,0,0,4,21,1차 철강 제조업,4550.0,2025-12-31,2026-04-20
003070,코오롱글로벌,-0.97,0.34,4.35,False,3,False,0.0,1.3,False,0,4,5,5,0,3,0,0,4,21,토목 건설업,2336.0,2026-09-04,2026-09-18
003230,삼양식품,23.64,7.33,0.39,False,5,False,0.0,0.0,False,5,0,5,2,0,4,0,0,5,21,기타 식품 제조업,92053.0,2026-08-27,2026-09-11
003240,태광산업,12.73,0.2,0.19,False,6,False,0.0,24.409,False,5,5,5,2,0,4,0,0,0,21,화학섬유 제조업,10288.0,2026-03-31,2026-04-24
003620,KG모빌리티,11.31,0.36,0.0,False,0,False,0.0,0.0,False,5,4,5,2,0,0,0,0,5,21,자동차용 엔진 및 자동차 제조업,5312.0,2025-12-31,
003680,한성기업,9.77,0.38,0.0,False,0,False,0.0,9.042,False,10,4,5,2,0,0,0,0,0,21,수산물 가공 및 저장 처리업,277.0,2025-12-31,
004430,송원산업,120.31,0.37,2.57,False,2,False,0.0,0.0,False,5,4,5,2,0,0,0,0,5,21,기타 화학제품 제조업,2801.0,2026-03-31,2026-04-15
004560,현대비앤지스틸,12.43,0.35,2.06,False,1,False,0.0,0.0,False,5,4,5,2,0,0,0,0,5,21,1차 철강 제조업,1829.0,2026-03-31,2026-04-15
004720,팜젠사이언스,19.09,0.21,0.0,False,0,False,0.0,0.191,False,5,5,5,2,0,0,0,0,4,21,의약품 제조업,666.0,2025-12-31,
004970,신라교역,30.86,0.23,0.0,False,0,False,0.0,1.344,False,5,5,5,2,0,0,0,0,4,21,어로 어업,1432.0,2026-02-27,2026-04-17
006660,삼성공조,15.2,0.37,0.6,False,2,False,0.0,0.0,False,5,4,5,2,0,0,0,0,5,21,자동차 신품 부품 제조업,1083.0,2025-12-31,2026-04-24
008350,남선알미늄,38.11,0.49,0.0,False,0,False,0.0,0.0,False,5,4,5,2,0,0,0,0,5,21,1차 비철금속 제조업,1377.0,2025-12-31,
009290,광동제약,17.27,0.52,1.45,False,10,False,0.0,5.265,False,5,4,5,2,0,5,0,0,0,21,의약품 제조업,3441.0,2026-04-01,2026-04-24
010040,한국내화,-3.18,0.4,0.0,True,0,False,0.0,0.0,False,0,4,5,2,5,0,0,0,5,21,"내화, 비내화 요업제품 제조업",692.0,2025-12-31,
011390,부산산업,-14.59,0.4,0.52,False,10,False,0.0,0.0,False,0,4,5,2,0,5,0,0,5,21,"시멘트, 석회, 플라스터 및 그 제품 제조업",504.0,2025-12-31,2026-04-24
024720,콜마홀딩스,13.72,0.52,2.88,False,2,False,0.0,0.0,False,5,4,5,2,0,0,0,0,5,21,기타 금융업,3214.0,2026-03-27,2026-04-23
028670,팬오션,11.03,0.58,2.41,False,2,False,0.0,0.0,False,5,4,5,2,0,0,0,0,5,21,해상 운송업,33250.0,2025-12-31,2026-04-15
031430,신세계인터내셔날,87.36,0.44,3.78,False,2,False,0.0,2.02,False,5,4,5,5,0,0,0,0,2,21,"섬유, 의복, 신발 및 가죽제품 소매업",3698.0,2026-03-31,2026-04-17
034120,SBS,27.07,0.17,2.82,False,0,False,0.0,0.015,False,5,5,5,2,0,0,0,0,4,21,텔레비전 방송업,2174.0,2026-03-31,2026-04-20
034230,파라다이스,9.56,0.5,1.53,False,2,False,0.0,5.27,False,10,4,5,2,0,0,0,0,0,21,유원지 및 기타 오락관련 서비스업,9087.0,2025-12-31,2026-04-24
049800,우진플라임,17.63,0.37,0.0,False,0,False,0.0,0.0,False,5,4,5,2,0,0,0,0,5,21,특수 목적용 기계 제조업,402.0,2026-04-03,2026-04-29
055490,테이팩스,39.1,0.51,0.0,False,0,False,0.0,0.0,False,5,4,5,2,0,0,0,0,5,21,플라스틱제품 제조업,792.0,2026-03-27,2026-04-10
064400,LG씨엔에스,15.59,2.34,2.61,False,5,False,0.0,0.0,False,5,0,5,2,0,4,0,0,5,21,"컴퓨터 프로그래밍, 시스템 통합 및 관리업",68692.0,2026-08-20,2026-09-04
084010,대한제강,21.33,0.32,5.58,False,1,False,0.0,24.432,False,5,4,5,7,0,0,0,0,0,21,1차 철강 제조업,3080.0,2026-09-03,2026-09-17
088790,진도,31.99,0.27,0.0,False,0,False,0.0,0.005,False,5,5,5,2,0,0,0,0,4,21,기타 전문 도매업,291.0,2025-12-31,2026-04-28
089860,롯데렌탈,14.57,1.19,2.34,False,5,False,0.0,0.0,False,5,0,5,2,0,4,0,0,5,21,운송장비 임대업,18590.0,2026-03-31,2026-04-24
090460,비에이치,24.83,0.98,1.11,False,5,False,0.0,3.708,False,5,3,5,2,0,4,0,0,2,21,전자부품 제조업,7585.0,2025-12-31,2026-04-24
118000,메타케어,39.63,0.17,0.0,False,0,False,0.0,0.001,False,5,5,5,2,0,0,0,0,4,21,기계장비 및 관련 물품 도매업,262.0,2025-12-31,
161890,한국콜마,27.08,3.72,0.6,False,7,False,0.0,0.0,False,5,0,5,2,0,4,0,0,5,21,기타 화학제품 제조업,33873.0,2026-03-27,2026-04-14
460850,동국씨엠,-3.01,0.16,5.63,False,0,False,0.0,0.168,False,0,5,5,7,0,0,0,0,4,21,1차 철강 제조업,1594.0,2026-03-31,2026-04-20
462870,시프트업,9.63,1.98,0.0,False,0,False,0.0,1.625,False,10,0,5,2,0,0,0,0,4,21,소프트웨어 개발 및 공급업,18445.0,2025-12-31,
000020,동화약품,17.88,0.41,1.17,False,0,False,0.0,0.765,False,5,4,5,2,0,0,0,0,4,20,의약품 제조업,1553.0,2026-03-25,2026-04-24
000080,하이트진로,25.62,0.93,4.69,False,1,False,0.0,2.085,False,5,3,5,5,0,0,0,0,2,20,알코올음료 제조업,10457.0,2025-12-31,2026-04-03
001040,CJ,32.92,0.85,2.49,False,10,False,0.0,5.98,False,5,3,5,2,0,5,0,0,0,20,기타 금융업,38601.0,2026-03-31,2026-04-24
001250,GS글로벌,13.15,0.48,0.0,False,0,False,0.0,0.047,False,5,4,5,2,0,0,0,0,4,20,상품 종합 도매업,2616.0,2026-02-27,2026-04-03
001430,세아베스틸지주,28.88,0.83,2.65,False,2,False,0.0,0.0,False,5,3,5,2,0,0,0,0,5,20,1차 철강 제조업,16228.0,2026-03-27,2026-04-21
002320,한진,-162.04,0.18,3.59,False,4,False,0.0,3.14,False,0,5,5,5,0,3,0,0,2,20,도로 화물 운송업,2590.0,2025-12-31,2026-04-23
002720,국제약품,16.47,0.96,0.68,False,1,False,0.0,0.0,False,5,3,5,2,0,0,0,0,5,20,의약품 제조업,937.0,2026-03-13,2026-04-21
003120,일성아이에스,22.44,0.6,5.43,False,1,False,0.0,46.15,False,5,3,5,7,0,0,0,0,0,20,의약품 제조업,2939.0,2025-12-31,2026-04-10
003350,한국화장품제조,0.0,0.0,1.75,True,4,False,0.0,0.0,False,0,0,5,2,5,3,0,0,5,20,기타 화학제품 제조업,3874.0,2025-12-31,2026-04-22
003490,대한항공,14.66,1.04,2.42,False,3,False,0.0,0.0,False,5,0,5,2,0,3,0,0,5,20,항공 여객 운송업,113964.0,2026-03-31,2026-04-24
004150,한솔홀딩스,-236.0,0.26,3.67,False,2,False,0.0,0.0,False,0,5,5,5,0,0,0,0,5,20,기타 금융업,1452.0,2026-03-31,2026-04-22
004770,써니전자,15.11,0.79,0.0,False,0,False,0.0,0.0,False,5,3,5,2,0,0,0,0,5,20,전자부품 제조업,644.0,2025-12-31,2026-04-24
006360,GS건설,30.28,0.59,1.51,False,1,False,0.0,0.809,False,5,4,5,2,0,0,0,0,4,20,건물 건설업,28327.0,2026-02-27,2026-04-06
007540,샘표,13.86,0.44,0.43,False,9,False,0.0,29.916,False,5,4,5,2,0,4,0,0,0,20,기타 금융업,946.0,2025-12-31,2026-04-10
009470,삼화전기,19.34,1.94,2.17,False,4,False,0.0,0.0,False,5,0,5,2,0,3,0,0,5,20,전자부품 제조업,1825.0,2025-12-31,2026-04-24
011150,CJ씨푸드,24.06,0.77,0.0,False,0,False,0.0,0.0,False,5,3,5,2,0,0,0,0,5,20,기타 식품 제조업,674.0,2025-12-31,
011420,갤럭시아에스엠,13.39,0.62,0.0,False,0,False,0.0,0.0,False,5,3,5,2,0,0,0,0,5,20,스포츠 서비스업,387.0,2025-12-31,
012610,경인양행,25.07,0.58,0.0,False,0,False,0.0,1.799,False,5,4,5,2,0,0,0,0,4,20,기초 화학물질 제조업,1419.0,2025-12-31,2026-04-14
017180,명문제약,23.36,0.44,0.0,False,0,False,0.0,1.547,False,5,4,5,2,0,0,0,0,4,20,의약품 제조업,444.0,2025-12-31,
024900,디와이덕양,57.37,0.59,2.75,False,2,False,0.0,0.422,False,5,4,5,2,0,0,0,0,4,20,자동차 신품 부품 제조업,710.0,2025-12-31,2026-04-23
025820,이구산업,11.21,1.04,2.13,False,6,False,0.0,0.004,False,5,0,5,2,0,4,0,0,4,20,1차 비철금속 제조업,1413.0,2025-12-31,2026-04-10
034220,LG디스플레이,18.48,0.63,0.0,False,0,False,0.0,0.0,False,5,3,5,2,0,0,0,0,5,20,전자부품 제조업,41850.0,2025-12-31,
077500,유니퀘스트,10.16,0.85,2.06,False,1,False,0.0,0.0,False,5,3,5,2,0,0,0,0,5,20,기계장비 및 관련 물품 도매업,2095.0,2025-12-31,2026-04-24
079550,LIG디펜스앤에어로스페이스,58.35,10.27,0.44,False,8,False,0.0,0.703,False,5,0,5,2,0,4,0,0,4,20,무기 및 총포탄 제조업,147840.0,2026-03-31,2026-04-24
095720,웅진씽크빅,-3.03,0.26,7.13,False,0,False,0.0,6.413,False,0,5,5,10,0,0,0,0,0,20,초등 교육기관,677.0,2025-12-31,2026-04-16
100090,SK오션플랜트,20.26,0.97,0.0,False,0,False,0.0,0.0,False,5,3,5,2,0,0,0,0,5,20,1차 철강 제조업,7910.0,2025-12-31,
103590,일진전기,41.17,7.26,0.56,False,5,False,0.0,0.017,False,5,0,5,2,0,4,0,0,4,20,절연선 및 케이블 제조업,42774.0,2025-12-31,2026-04-03
105840,우진,30.44,1.33,0.7,False,6,False,0.0,0.023,False,5,0,5,2,0,4,0,0,4,20,"측정, 시험, 항해, 제어 및 기타 정밀기기 제조업; 광학기기 제외",2644.0,2026-06-30,2026-07-24
128940,한미약품,39.44,5.3,0.38,False,8,False,0.0,1.021,False,5,0,5,2,0,4,0,0,4,20,의약품 제조업,66873.0,2026-03-31,2026-04-17
204320,HL만도,21.43,0.79,1.64,False,1,False,0.0,0.0,False,5,3,5,2,0,0,0,0,5,20,자동차 신품 부품 제조업,21436.0,2026-03-31,2026-04-24
214390,경보제약,28.45,0.9,0.91,False,1,False,0.0,0.0,False,5,3,5,2,0,0,0,0,5,20,기초 의약물질 제조업,1320.0,2025-12-31,2026-04-09
244920,에이플러스에셋,13.04,1.7,2.35,False,4,False,0.0,0.0,False,5,0,5,2,0,3,0,0,5,20,보험 및 연금관련 서비스업,2887.0,2025-12-31,2026-04-09
285130,SK케미칼,22.48,0.44,2.22,False,2,False,0.0,0.177,False,5,4,5,2,0,0,0,0,4,20,합성고무 및 플라스틱 물질 제조업,8961.0,2026-08-07,2026-08-21
900140,엘브이엠씨,168.43,0.44,0.0,False,0,False,0.0,0.158,False,5,4,5,2,0,0,0,0,4,20,자동차 판매업,2278.0,2025-12-31,
000810,삼성화재해상보험,15.43,1.26,3.11,False,6,False,0.0,13.441,False,5,0,5,5,0,4,0,0,0,19,보험업,280386.0,2026-03-27,2026-04-20
001230,동국홀딩스,20.05,0.14,1.2,False,0,False,0.0,2.198,False,5,5,5,2,0,0,0,0,2,19,기타 금융업,3149.0,2025-12-31,
001260,남광토건,15.15,0.64,0.0,False,0,False,0.0,0.09,False,5,3,5,2,0,0,0,0,4,19,토목 건설업,801.0,2025-12-31,
004060,SG세계물산,50.11,0.17,0.0,False,0,False,0.0,2.219,False,5,5,5,2,0,0,0,0,2,19,상품 종합 도매업,446.0,2025-12-31,
004840,DRB동일,17.72,0.19,2.02,False,0,False,0.0,3.3,False,5,5,5,2,0,0,0,0,2,19,고무제품 제조업,765.0,2025-12-31,2026-04-17
007690,국도화학,16.21,0.38,3.41,False,1,False,0.0,7.283,False,5,4,5,5,0,0,0,0,0,19,기초 화학물질 제조업,3533.0,2026-03-09,2026-03-27
008700,아남전자,16.5,0.72,0.0,False,0,False,0.0,0.005,False,5,3,5,2,0,0,0,0,4,19,영상 및 음향기기 제조업,967.0,2025-12-31,
008870,금비,18.1,0.4,3.07,False,0,False,0.0,11.65,False,5,4,5,5,0,0,0,0,0,19,유리 및 유리제품 제조업,391.0,2026-09-30,
009540,HD한국조선해양,9.99,1.63,4.02,False,1,False,0.0,0.083,True,10,0,0,5,0,0,0,0,4,19,기타 금융업,216566.0,2026-08-13,2026-09-01
012450,한화에어로스페이스,34.61,5.25,0.71,False,3,False,0.0,0.222,False,5,0,5,2,0,3,0,0,4,19,"항공기,우주선 및 부품 제조업",509962.0,2025-12-31,2026-04-08
013000,세우글로벌,10.09,0.68,0.0,False,0,False,0.0,0.007,False,5,3,5,2,0,0,0,0,4,19,기타 전문 도매업,350.0,2025-12-31,
025890,한국주강,39.33,0.85,0.0,False,0,False,0.0,1.456,False,5,3,5,2,0,0,0,0,4,19,특수 목적용 기계 제조업,294.0,2025-12-31,
032640,LG유플러스,12.06,0.7,0.0,False,0,False,0.0,0.945,False,5,3,5,2,0,0,0,0,4,19,전기 통신업,61839.0,2026-08-13,2026-08-28
035720,카카오,30.05,1.3,0.22,False,4,False,0.0,0.552,False,5,0,5,2,0,3,0,0,4,19,"자료처리, 호스팅, 포털 및 기타 인터넷 정보매개 서비스업",147741.0,2026-03-10,2026-04-23
042700,한미반도체,121.81,37.37,0.29,False,3,False,0.0,0.482,False,5,0,5,2,0,3,0,0,4,19,특수 목적용 기계 제조업,259249.0,2026-03-07,2026-03-27
052690,한전기술,57.39,7.8,1.05,False,4,False,0.0,0.462,False,5,0,5,2,0,3,0,0,4,19,"건축기술, 엔지니어링 및 관련 기술 서비스업",48998.0,2025-12-31,2026-04-30
058430,포스코스틸리온,15.9,0.71,0.0,False,0,False,0.0,0.157,False,5,3,5,2,0,0,0,0,4,19,1차 철강 제조업,2709.0,2026-03-31,2026-04-24
066570,LG전자,40.22,1.61,0.63,False,3,False,0.0,0.004,False,5,0,5,2,0,3,0,0,4,19,통신 및 방송 장비 제조업,348573.0,2026-08-13,2026-08-28
078930,GS,13.1,0.71,2.71,False,10,False,0.0,0.026,True,5,3,0,2,0,5,0,0,4,19,기타 금융업,102650.0,2026-02-27,2026-04-06
079430,현대리바트,15.51,0.27,2.32,False,1,False,0.0,2.051,False,5,5,5,2,0,0,0,0,2,19,가구 제조업,1126.0,2026-04-03,2026-04-21
079900,전진건설로봇,18.32,3.7,3.51,False,1,False,0.0,0.435,False,5,0,5,5,0,0,0,0,4,19,특수 목적용 기계 제조업,5779.0,2026-08-05,2026-08-21
079980,휴비스,28.81,0.26,0.0,False,0,False,0.0,4.608,False,5,5,5,2,0,0,0,0,2,19,화학섬유 제조업,666.0,2025-12-31,
084870,티비에이치글로벌,51.31,0.73,2.32,False,1,False,0.0,1.911,False,5,3,5,2,0,0,0,0,4,19,봉제의복 제조업,441.0,2026-02-28,2026-04-27
112610,씨에스윈드,70.35,2.08,1.73,False,3,False,0.0,1.737,False,5,0,5,2,0,3,0,0,4,19,"구조용 금속제품, 탱크 및 증기발생기 제조업",24417.0,2025-12-31,2026-04-16
145720,덴티움,26.84,0.61,1.51,False,5,False,0.0,22.089,False,5,3,5,2,0,4,0,0,0,19,의료용 기기 제조업,3432.0,2026-03-23,2026-04-15
145990,삼양사,-1.55,0.28,3.83,False,6,False,0.0,6.057,False,0,5,5,5,0,4,0,0,0,19,기타 식품 제조업,4708.0,2025-12-31,2026-04-09
180640,한진칼,58.27,2.7,0.27,False,3,False,0.0,0.01,False,5,0,5,2,0,3,0,0,4,19,기타 금융업,89595.0,2026-03-31,2026-04-24
226320,잇츠한불,15.55,0.54,2.32,False,3,False,0.0,19.666,False,5,4,5,2,0,3,0,0,0,19,기타 화학제품 제조업,2599.0,2025-12-31,2026-04-10
272210,한화시스템,63.34,3.13,0.62,False,4,False,0.0,1.02,False,5,0,5,2,0,3,0,0,4,19,전자부품 제조업,153403.0,2026-03-27,2026-04-10
317400,자이에스앤디,13.59,0.84,1.52,False,2,False,0.0,1.454,False,5,3,5,2,0,0,0,0,4,19,부동산 임대 및 공급업,3832.0,2026-02-27,2026-04-10
452260,한화갤러리아,158.24,0.64,0.0,False,0,False,0.0,0.045,False,5,3,5,2,0,0,0,0,4,19,종합 소매업,5215.0,2025-12-31,
462520,조선내화,68.88,0.69,1.54,False,1,False,0.0,0.051,False,5,3,5,2,0,0,0,0,4,19,"내화, 비내화 요업제품 제조업",1535.0,2026-07-15,2026-07-29
499790,GS피앤엘,39.1,0.88,0.92,False,0,False,0.0,0.233,False,5,3,5,2,0,0,0,0,4,19,기타 금융업,7575.0,2025-12-31,2026-04-02
001800,오리온홀딩스,11.76,0.55,0.0,False,0,False,0.0,3.973,False,5,4,5,2,0,0,0,0,2,18,기타 금융업,13656.0,2026-07-21,2026-08-10
004170,신세계,222.92,0.63,1.62,False,4,False,0.0,9.098,False,5,3,5,2,0,3,0,0,0,18,종합 소매업,30319.0,2026-08-31,2026-09-18
005680,삼영전자공업,48.91,0.44,2.4,False,1,False,0.0,4.984,False,5,4,5,2,0,0,0,0,2,18,전자부품 제조업,2504.0,2025-12-31,2026-04-24
006650,대한유화,18.49,0.3,1.44,False,0,False,0.0,4.983,False,5,4,5,2,0,0,0,0,2,18,기초 화학물질 제조업,5863.0,2025-12-31,2026-03-18
007280,한국특강,-47.81,0.63,8.71,False,0,False,0.0,5.785,False,0,3,5,10,0,0,0,0,0,18,1차 철강 제조업,657.0,2025-12-31,2026-04-07
010780,아이에스동서,-8.32,0.35,3.37,False,0,False,0.0,1.531,False,0,4,5,5,0,0,0,0,4,18,"시멘트, 석회, 플라스터 및 그 제품 제조업",4408.0,2025-12-31,2026-04-09
020000,한섬,10.46,0.32,0.0,False,0,False,0.0,4.282,False,5,4,5,2,0,0,0,0,2,18,봉제의복 제조업,4628.0,2026-04-03,2026-04-23
023000,삼원강재,0.0,0.0,4.95,False,5,False,0.0,0.65,False,0,0,5,5,0,4,0,0,4,18,자동차 신품 부품 제조업,882.0,2025-12-31,2026-04-24
025860,남해화학,10.27,0.53,1.49,False,2,False,0.0,3.483,False,5,4,5,2,0,0,0,0,2,18,"비료, 농약 및 살균, 살충제 제조업",2996.0,2025-12-31,2026-04-16
183190,아세아시멘트,22.08,0.33,2.51,False,0,False,0.0,2.157,False,5,4,5,2,0,0,0,0,2,18,"시멘트, 석회, 플라스터 및 그 제품 제조업",3591.0,2025-12-31,2026-04-16
251270,넷마블,13.31,0.53,2.51,False,1,False,0.0,4.676,False,5,4,5,2,0,0,0,0,2,18,소프트웨어 개발 및 공급업,28981.0,2026-02-27,2026-04-23
377740,바이오노트,-5.46,0.31,4.87,False,2,False,0.0,1.589,False,0,4,5,5,0,0,0,0,4,18,의료용품 및 기타 의약 관련제품 제조업,4768.0,2026-03-31,2026-04-16
475560,더본코리아,-12.09,0.86,3.51,False,1,False,0.0,0.0,False,0,3,5,5,0,0,0,0,5,18,상품 종합 도매업,2114.0,2026-04-03,2026-04-23
000070,삼양홀딩스,-2.44,0.22,6.18,False,10,False,0.0,9.951,True,0,5,0,7,0,5,0,0,0,17,기타 금융업,4394.0,2025-12-31,2026-04-10
000180,성창기업지주,-3.28,0.1,0.0,False,0,False,0.0,0.0,False,0,5,5,2,0,0,0,0,5,17,회사 본부 및 경영 컨설팅 서비스업,677.0,2025-12-31,
000300,DH오토넥스,37.5,4.81,0.0,False,0,False,0.0,0.0,False,5,0,5,2,0,0,0,0,5,17,자동차 신품 부품 제조업,1740.0,2025-12-31,
000500,가온전선,178.79,19.67,0.03,False,0,False,0.0,0.0,False,5,0,5,2,0,0,0,0,5,17,절연선 및 케이블 제조업,95139.0,2026-02-27,2026-04-08
000760,이화산업,-19.66,0.26,0.0,False,0,False,0.0,0.0,False,0,5,5,2,0,0,0,0,5,17,기타 전문 도매업,352.0,2025-12-31,
000860,강남제비스코,-58.02,0.25,2.08,False,0,False,0.0,0.0,False,0,5,5,2,0,0,0,0,5,17,기타 화학제품 제조업,1561.0,2026-02-27,2026-04-24
001130,대한제분,-7.33,0.18,2.6,False,3,False,0.0,2.376,False,0,5,5,2,0,3,0,0,2,17,"곡물가공품, 전분 및 전분제품 제조업",1852.0,2025-12-31,2026-04-13
002070,비비안,-0.62,0.13,0.0,False,0,False,0.0,0.0,False,0,5,5,2,0,0,0,0,5,17,봉제의복 제조업,178.0,2025-12-31,
002690,동일제강,-54.54,0.17,0.0,False,0,False,0.0,0.0,False,0,5,5,2,0,0,0,0,5,17,1차 철강 제조업,266.0,2025-12-31,
002960,한국쉘석유,18.66,5.37,0.0,False,0,False,0.0,0.0,False,5,0,5,2,0,0,0,0,5,17,석유 정제품 제조업,6838.0,2026-03-20,2026-04-15
003000,부광약품,29.22,1.24,2.91,False,0,False,0.0,0.0,False,5,0,5,2,0,0,0,0,5,17,의약품 제조업,4238.0,2025-12-31,2026-04-21
003520,영진약품,152.14,2.17,0.0,False,0,False,0.0,0.0,False,5,0,5,2,0,0,0,0,5,17,의약품 제조업,1948.0,2025-12-31,
003670,포스코퓨처엠,502.85,4.24,0.13,False,0,False,0.0,0.0,False,5,0,5,2,0,0,0,0,5,17,일차전지 및 이차전지 제조업,172645.0,2026-03-31,2026-04-22
004370,농심,14.27,0.85,1.5,False,2,False,0.0,4.085,False,5,3,5,2,0,0,0,0,2,17,기타 식품 제조업,24270.0,2026-03-31,2026-04-20
004440,삼일씨엔에스,-34.43,0.26,0.0,False,0,False,0.0,0.0,False,0,5,5,2,0,0,0,0,5,17,"시멘트, 석회, 플라스터 및 그 제품 제조업",693.0,2025-12-31,
004910,조광페인트,-4.23,0.17,5.86,False,2,False,0.0,20.043,False,0,5,5,7,0,0,0,0,0,17,기타 화학제품 제조업,437.0,2025-12-31,2026-04-10
004990,롯데지주,-3.79,0.29,5.39,False,1,False,0.0,27.373,False,0,5,5,7,0,0,0,0,0,17,기타 금융업,23122.0,2026-03-31,2026-04-24
005010,휴스틸,-14.98,0.21,0.0,False,0,False,0.0,0.0,False,0,5,5,2,0,0,0,0,5,17,1차 철강 제조업,2256.0,2025-12-31,
005360,모나미,-1.93,0.25,2.78,False,1,False,0.0,0.0,False,0,5,5,2,0,0,0,0,5,17,생활용품 도매업,204.0,2025-12-31,2026-04-24
006340,대원전선,117.43,8.69,0.0,False,0,False,0.0,0.0,False,5,0,5,2,0,0,0,0,5,17,절연선 및 케이블 제조업,10406.0,2025-12-31,
007660,이수페타시스,56.36,12.36,0.0,False,0,False,0.0,0.0,False,5,0,5,2,0,0,0,0,5,17,전자부품 제조업,93377.0,2026-03-31,2026-04-22
007810,코리아써키트,50.29,5.4,0.12,False,0,False,0.0,0.0,False,5,0,5,2,0,0,0,0,5,17,전자부품 제조업,20817.0,2025-12-31,2026-04-24
008730,율촌화학,94.76,1.35,0.0,False,0,False,0.0,0.0,False,5,0,5,2,0,0,0,0,5,17,플라스틱제품 제조업,3948.0,2025-12-31,2026-04-21
009320,아진전자부품,10.89,1.42,0.0,False,0,False,0.0,0.0,False,5,0,5,2,0,0,0,0,5,17,자동차 신품 부품 제조업,472.0,2025-12-31,
009460,한창제지,61.7,1.72,0.0,False,0,False,0.0,0.0,False,5,0,5,2,0,0,0,0,5,17,"펄프, 종이 및 판지 제조업",335.0,2025-12-31,
010820,퍼스텍,27.19,4.66,0.0,False,0,False,0.0,0.0,False,5,0,5,2,0,0,0,0,5,17,무기 및 총포탄 제조업,2970.0,2025-12-31,
011500,한농화성,51.81,1.4,0.27,False,0,False,0.0,0.0,False,5,0,5,2,0,0,0,0,5,17,기타 화학제품 제조업,2325.0,2025-12-31,2026-04-13
013360,일성건설,19.74,1.01,0.0,False,0,False,0.0,0.0,False,5,0,5,2,0,0,0,0,5,17,토목 건설업,736.0,2025-12-31,
014280,금강공업,-3.1,0.37,2.59,False,5,False,0.0,3.345,False,0,4,5,2,0,4,0,0,2,17,1차 철강 제조업,1356.0,2025-12-31,2026-04-03
016090,대현,0.0,0.0,5.66,False,0,False,0.0,0.0,False,0,0,5,7,0,0,0,0,5,17,봉제의복 제조업,626.0,2025-12-31,2026-04-01
017810,풀무원,18.69,1.06,1.15,False,3,False,0.0,3.219,False,5,0,5,2,0,3,0,0,2,17,기타 식품 제조업,3385.0,2026-04-01,2026-04-17
018250,애경산업,19.48,0.71,0.0,False,0,False,0.0,4.61,False,5,3,5,2,0,0,0,0,2,17,기타 화학제품 제조업,2963.0,2026-03-31,2026-04-23
018470,조일알미늄,60.92,3.36,0.0,False,0,False,0.0,0.0,False,5,0,5,2,0,0,0,0,5,17,1차 비철금속 제조업,1342.0,2025-12-31,
026940,부국철강,0.0,0.0,3.87,False,10,False,0.0,4.23,False,0,0,5,5,0,5,0,0,2,17,1차 철강 제조업,413.0,2025-12-31,2026-04-15
028050,삼성E&A,15.65,2.04,1.6,False,1,False,0.0,0.0,False,5,0,5,2,0,0,0,0,5,17,"건축기술, 엔지니어링 및 관련 기술 서비스업",96628.0,2025-12-31,2026-04-17
028260,삼성물산,24.21,1.12,0.82,False,3,False,0.0,4.555,False,5,0,5,2,0,3,0,0,2,17,기타 전문 도매업,556235.0,2025-12-31,2026-04-17
030000,제일기획,10.49,1.22,6.5,False,2,False,0.0,11.963,False,5,0,5,7,0,0,0,0,0,17,광고업,21777.0,2025-12-31,2026-04-17
032350,롯데관광개발,30.7,2.34,0.0,False,0,False,0.0,0.0,False,5,0,5,2,0,0,0,0,5,17,여행사 및 기타 여행보조 서비스업,8714.0,2025-12-31,
034830,한국토지신탁,13.46,0.23,0.0,False,0,False,0.0,13.498,False,5,5,5,2,0,0,0,0,0,17,신탁업 및 집합투자업,2820.0,2025-12-31,2026-04-13
037710,광주신세계,0.0,0.0,7.13,False,1,False,0.0,4.147,False,0,0,5,10,0,0,0,0,2,17,종합 소매업,2567.0,2026-08-31,2026-09-18
039130,하나투어,14.81,3.07,3.98,False,0,False,0.0,2.873,False,5,0,5,5,0,0,0,0,2,17,여행사 및 기타 여행보조 서비스업,4670.0,2026-01-05,2026-04-15
047400,유니온머티리얼,14.83,1.87,0.0,False,0,False,0.0,0.0,False,5,0,5,2,0,0,0,0,5,17,"내화, 비내화 요업제품 제조업",368.0,2025-12-31,
051600,한전KPS,16.23,1.5,0.0,False,0,False,0.0,0.0,False,5,0,5,2,0,0,0,0,5,17,전기 및 통신 공사업,20160.0,2025-12-31,2026-04-30
064350,현대로템,15.55,3.89,0.55,False,2,False,0.0,0.0,False,5,0,5,2,0,0,0,0,5,17,그외 기타 운송장비 제조업,119729.0,2026-03-31,2026-04-24
072130,유엔젤,14.12,0.93,2.11,False,1,False,0.0,4.139,False,5,3,5,2,0,0,0,0,2,17,"자료처리, 호스팅, 포털 및 기타 인터넷 정보매개 서비스업",602.0,2025-12-31,2026-04-24
075580,세진중공업,11.12,2.47,2.27,False,1,False,0.0,0.0,False,5,0,5,2,0,0,0,0,5,17,선박 및 보트 건조업,5634.0,2026-03-31,2026-04-27
078520,에이블씨엔씨,21.38,3.37,3.76,False,1,False,0.0,3.516,False,5,0,5,5,0,0,0,0,2,17,기타 화학제품 제조업,2898.0,2026-10-20,
093370,후성,307.6,4.93,0.0,False,0,False,0.0,0.0,False,5,0,5,2,0,0,0,0,5,17,기초 화학물질 제조업,16496.0,2025-12-31,
103140,풍산,13.01,0.81,2.49,False,0,False,0.0,2.534,False,5,3,5,2,0,0,0,0,2,17,1차 비철금속 제조업,19141.0,2026-03-25,2026-04-09
130660,한전산업,98.24,3.88,0.0,False,0,False,0.0,0.0,False,5,0,5,2,0,0,0,0,5,17,"건축기술, 엔지니어링 및 관련 기술 서비스업",4003.0,2025-12-31,2026-04-15
178920,PI첨단소재,25.75,1.78,1.71,False,1,False,0.0,0.0,False,5,0,5,2,0,0,0,0,5,17,플라스틱제품 제조업,6020.0,2026-03-31,2026-04-14
185750,종근당,11.77,0.87,0.76,False,0,False,0.0,4.54,False,5,3,5,2,0,0,0,0,2,17,의약품 제조업,9124.0,2025-12-31,2026-04-10
195870,해성디에스,46.47,1.96,1.38,False,1,False,0.0,0.0,False,5,0,5,2,0,0,0,0,5,17,전자부품 제조업,11067.0,2025-12-31,2026-04-16
248070,솔루엠,69.96,1.81,0.41,False,0,False,0.0,0.0,False,5,0,5,2,0,0,0,0,5,17,전자부품 제조업,8664.0,2025-12-31,2026-04-27
278470,에이피알,49.78,32.2,1.33,False,0,False,0.0,0.0,False,5,0,5,2,0,0,0,0,5,17,기타 화학제품 제조업,143575.0,2026-08-03,2026-08-31
322000,HD현대에너지솔루션,39.91,3.98,0.0,False,0,False,0.0,0.0,False,5,0,5,2,0,0,0,0,5,17,반도체 제조업,16632.0,2025-12-31,
326030,에스케이바이오팜,22.32,7.33,0.0,False,0,False,0.0,0.0,False,5,0,5,2,0,0,0,0,5,17,자연과학 및 공학 연구개발업,59596.0,2025-12-31,
353200,대덕전자,165.26,8.77,0.33,False,2,False,0.0,0.0,False,5,0,5,2,0,0,0,0,5,17,전자부품 제조업,75460.0,2026-03-31,2026-04-10
377300,카카오페이,118.66,2.83,0.0,False,0,False,0.0,0.0,False,5,0,5,2,0,0,0,0,5,17,금융 지원 서비스업,53782.0,2025-12-31,
457190,이수스페셜티케미컬,3240.0,18.42,0.0,False,0,False,0.0,0.0,False,5,0,5,2,0,0,0,0,5,17,기초 화학물질 제조업,24477.0,2025-12-31,
483650,달바글로벌,27.96,11.52,1.42,False,1,False,0.0,0.0,False,5,0,5,2,0,0,0,0,5,17,기타 화학제품 제조업,23113.0,2026-04-03,2026-04-24
000100,유한양행,31.52,2.44,0.8,False,5,False,0.0,7.869,False,5,0,5,2,0,4,0,0,0,16,의약품 제조업,55433.0,2026-02-27,2026-04-03
000150,두산,408.91,16.59,0.28,False,5,False,0.0,15.384,False,5,0,5,2,0,4,0,0,0,16,전자부품 제조업,234811.0,2026-08-07,2026-08-25
000210,DL,-12.66,0.28,0.0,False,0,False,0.0,0.12,False,0,5,5,2,0,0,0,0,4,16,기초 화학물질 제조업,10310.0,2025-12-31,
000670,영풍,-95.97,0.21,0.01,False,0,False,0.0,1.126,False,0,5,5,2,0,0,0,0,4,16,1차 비철금속 제조업,7456.0,2025-12-31,2026-04-17
000680,LS네트웍스,-7.36,0.26,0.0,False,0,False,0.0,0.001,False,0,5,5,2,0,0,0,0,4,16,상품 종합 도매업,2348.0,2025-12-31,
001020,페이퍼코리아,-3.51,0.26,0.0,False,0,False,0.0,0.035,False,0,5,5,2,0,0,0,0,4,16,"펄프, 종이 및 판지 제조업",678.0,2025-12-31,
001080,만호제강,136.03,0.31,0.0,False,0,False,0.0,18.041,False,5,4,5,2,0,0,0,0,0,16,1차 철강 제조업,1385.0,2026-09-15,2026-10-02
001340,PKC,23.02,1.02,0.58,False,0,False,0.0,1.713,False,5,0,5,2,0,0,0,0,4,16,기초 화학물질 제조업,2332.0,2025-12-31,2026-04-21
001440,대한전선,67.7,3.55,0.0,False,0,False,0.0,0.342,False,5,0,5,2,0,0,0,0,4,16,절연선 및 케이블 제조업,59974.0,2025-12-31,
001550,조비,83.01,1.01,0.0,False,0,False,0.0,0.008,False,5,0,5,2,0,0,0,0,4,16,"비료, 농약 및 살균, 살충제 제조업",530.0,2025-12-31,
001790,대한제당,-4.43,0.54,4.31,False,2,False,0.0,3.592,False,0,4,5,5,0,0,0,0,2,16,"곡물가공품, 전분 및 전분제품 제조업",2402.0,2025-12-31,2026-04-06
002310,아세아제지,10.63,0.34,2.65,False,0,False,0.0,5.101,False,5,4,5,2,0,0,0,0,0,16,"골판지, 종이 상자 및 종이용기 제조업",2974.0,2026-09-30,
002780,진흥기업,436.67,3.58,0.0,False,0,False,0.0,0.04,False,5,0,5,2,0,0,0,0,4,16,토목 건설업,953.0,2026-09-30,
002870,신풍,19.95,0.43,0.0,False,0,False,0.0,20.745,False,5,4,5,2,0,0,0,0,0,16,기타 전문 도매업,397.0,2026-08-05,2026-08-20
002920,유성기업,-1.66,0.18,0.0,False,0,False,0.0,1.156,False,0,5,5,2,0,0,0,0,4,16,자동차 신품 부품 제조업,467.0,2025-12-31,
003060,에이프로젠바이오로직스,-0.12,0.09,0.0,False,0,False,0.0,0.421,False,0,5,5,2,0,0,0,0,4,16,의약품 제조업,253.0,2025-12-31,
003280,흥아해운,14.47,1.73,0.0,False,0,False,0.0,0.067,False,5,0,5,2,0,0,0,0,4,16,해상 운송업,4419.0,2025-12-31,
003830,대한화섬,-58.04,0.2,0.69,False,6,False,0.0,18.569,False,0,5,5,2,0,4,0,0,0,16,화학섬유 제조업,1448.0,2026-03-26,2026-04-24
004020,현대제철,-553.85,0.2,1.74,False,0,False,0.0,1.424,False,0,5,5,2,0,0,0,0,4,16,1차 철강 제조업,38432.0,2026-03-31,2026-04-24
004540,깨끗한나라,-0.98,0.27,0.0,False,0,False,0.0,0.015,False,0,5,5,2,0,0,0,0,4,16,"펄프, 종이 및 판지 제조업",461.0,2025-12-31,
005070,코스모신소재,86.28,3.07,0.0,False,0,False,0.0,0.036,False,5,0,5,2,0,0,0,0,4,16,기타 화학제품 제조업,15561.0,2025-12-31,
005690,파미셀,125.9,9.17,0.38,False,1,False,0.0,0.022,False,5,0,5,2,0,0,0,0,4,16,전자부품 제조업,7933.0,2025-12-31,2026-04-24
007110,일신석재,142.5,3.34,0.0,False,0,False,0.0,0.036,False,5,0,5,2,0,0,0,0,4,16,"건축자재, 철물 및 난방장치 도매업",397.0,2025-12-31,
007160,사조산업,-8.19,0.45,0.42,False,0,False,0.0,0.0,False,0,4,5,2,0,0,0,0,5,16,수산물 가공 및 저장 처리업,2383.0,2025-12-31,2026-04-24
008040,사조동아원,44.71,4.01,0.0,False,0,False,0.0,0.141,False,5,0,5,2,0,0,0,0,4,16,"곡물가공품, 전분 및 전분제품 제조업",1085.0,2025-12-31,
008930,한미사이언스,33.1,4.03,0.52,False,2,False,0.0,0.991,False,5,0,5,2,0,0,0,0,4,16,기타 금융업,39188.0,2026-03-31,2026-04-17
009310,참엔지니어링,-1.26,0.28,0.0,False,0,False,0.0,0.569,False,0,5,5,2,0,0,0,0,4,16,특수 목적용 기계 제조업,233.0,2025-12-31,
009450,경동나비엔,10.07,1.16,0.0,False,0,False,0.0,0.794,False,5,0,5,2,0,0,0,0,4,16,가정용 기기 제조업,9033.0,2025-12-31,2026-04-07
010120,엘에스일렉트릭,110.15,15.12,0.0,False,0,False,0.0,0.872,False,5,0,5,2,0,0,0,0,4,16,"전동기, 발전기 및 전기 변환 · 공급 · 제어 장치 제조업",315750.0,2026-02-27,2026-04-09
010580,에스엠벡셀,219.5,3.62,0.0,False,0,False,0.0,0.131,False,5,0,5,2,0,0,0,0,4,16,자동차 신품 부품 제조업,2442.0,2025-12-31,
010950,S-Oil,112.12,2.23,0.19,False,1,False,0.0,0.158,False,5,0,5,2,0,0,0,0,4,16,석유 정제품 제조업,191616.0,2026-08-25,2026-09-15
011070,LG이노텍,44.04,2.61,0.3,False,0,False,0.0,0.011,False,5,0,5,2,0,0,0,0,4,16,전자부품 제조업,150286.0,2026-03-31,2026-04-22
011170,롯데케미칼,-1.27,0.2,1.65,False,0,False,0.0,1.422,False,0,5,5,2,0,0,0,0,4,16,기초 화학물질 제조업,25922.0,2026-09-03,2026-09-18
011780,금호석유화학,11.77,0.47,1.47,False,0,False,0.0,12.042,False,5,4,5,2,0,0,0,0,0,16,기초 화학물질 제조업,29157.0,2025-12-31,2026-04-09
0126Z0,삼성에피스홀딩스,17.56,1.57,0.0,False,0,False,0.0,0.185,False,5,0,5,2,0,0,0,0,4,16,기타 금융업,92689.0,2025-12-31,
012800,대창,50.78,0.31,0.0,False,0,False,0.0,16.261,False,5,4,5,2,0,0,0,0,0,16,1차 비철금속 제조업,1065.0,2025-12-31,
013890,지누스,-8.14,0.23,1.33,False,2,False,0.0,1.477,False,0,5,5,2,0,0,0,0,4,16,가구 제조업,1484.0,2026-04-03,2026-04-22
016590,신대양제지,16.11,0.45,2.47,False,2,False,0.0,26.672,False,5,4,5,2,0,0,0,0,0,16,"골판지, 종이 상자 및 종이용기 제조업",3675.0,2025-12-31,2026-04-13
017670,SK텔레콤,45.92,1.45,1.9,False,0,False,0.0,0.842,False,5,0,5,2,0,0,0,0,4,16,전기 통신업,187512.0,2026-08-31,2026-09-17
018260,삼성에스디에스,21.65,1.66,1.5,False,2,False,0.0,0.036,False,5,0,5,2,0,0,0,0,4,16,"컴퓨터 프로그래밍, 시스템 통합 및 관리업",164428.0,2025-12-31,2026-04-17
020120,키다리스튜디오,36.98,1.21,0.0,False,0,False,0.0,0.002,False,5,0,5,2,0,0,0,0,4,16,"자료처리, 호스팅, 포털 및 기타 인터넷 정보매개 서비스업",2454.0,2025-12-31,
021050,서원,-9.5,0.37,0.0,False,0,False,0.0,0.0,False,0,4,5,2,0,0,0,0,5,16,금속 주조업,537.0,2025-12-31,
021240,코웨이,11.95,2.0,0.0,False,0,False,0.0,1.588,False,5,0,5,2,0,0,0,0,4,16,그외 기타 개인 서비스업,72395.0,2026-08-31,2026-09-29
022100,포스코DX,62.1,5.68,0.0,False,0,False,0.0,0.14,False,5,0,5,2,0,0,0,0,4,16,"건축기술, 엔지니어링 및 관련 기술 서비스업",32383.0,2026-07-31,2026-08-21
025560,미래산업,16.63,1.45,0.0,False,0,False,0.0,0.363,False,5,0,5,2,0,0,0,0,4,16,"측정, 시험, 항해, 제어 및 기타 정밀기기 제조업; 광학기기 제외",2208.0,2025-12-31,
025620,차AI헬스케어,30.11,1.31,0.0,False,0,False,0.0,0.058,False,5,0,5,2,0,0,0,0,4,16,기타 화학제품 제조업,992.0,2025-12-31,
025750,한솔홈데코,-1.37,0.31,0.0,False,0,False,0.0,0.0,False,0,4,5,2,0,0,0,0,5,16,제재 및 목재 가공업,306.0,2025-12-31,
027970,한국제지,-3.07,0.25,0.0,False,0,False,0.0,0.014,False,0,5,5,2,0,0,0,0,4,16,"펄프, 종이 및 판지 제조업",1027.0,2025-12-31,
029530,신도리코,19.11,0.3,2.63,False,0,False,0.0,15.151,False,5,4,5,2,0,0,0,0,0,16,컴퓨터 및 주변장치 제조업,3697.0,2025-12-31,2026-04-16
034020,두산에너빌리티,614.39,6.67,0.0,False,0,False,0.0,0.015,False,5,0,5,2,0,0,0,0,4,16,일반 목적용 기계 제조업,519495.0,2025-12-31,
036420,콘텐트리중앙,-0.33,0.2,0.0,False,0,False,0.0,0.819,False,0,5,5,2,0,0,0,0,4,16,"영화, 비디오물, 방송프로그램 제작 및 배급업",300.0,2025-12-31,
044380,주연테크,-3.33,0.15,0.0,False,0,False,0.0,0.004,False,0,5,5,2,0,0,0,0,4,16,컴퓨터 및 주변장치 제조업,61.0,2025-12-31,
058860,KTis,0.0,0.0,5.33,False,5,False,0.0,12.151,False,0,0,5,7,0,4,0,0,0,16,기타 정보 서비스업,914.0,2026-02-27,2026-04-30
062040,산일전기,48.35,12.27,0.53,False,0,False,0.0,0.2,False,5,0,5,2,0,0,0,0,4,16,"전동기, 발전기 및 전기 변환 · 공급 · 제어 장치 제조업",72470.0,2025-12-31,2026-04-15
070960,모나용평,-3.13,0.26,0.0,False,0,False,0.0,1.722,False,0,5,5,2,0,0,0,0,4,16,일반 및 생활 숙박시설 운영업,956.0,2025-12-31,
074610,이엔플러스,46.04,2.64,0.0,False,0,False,0.0,0.179,False,5,0,5,2,0,0,0,0,4,16,일반 목적용 기계 제조업,448.0,2025-12-31,
077970,STX엔진,12.22,2.64,0.0,False,0,False,0.0,0.023,False,5,0,5,2,0,0,0,0,4,16,일반 목적용 기계 제조업,9073.0,2025-12-31,
082740,한화엔진,22.21,6.94,0.0,False,0,False,0.0,0.026,False,5,0,5,2,0,0,0,0,4,16,일반 목적용 기계 제조업,38594.0,2025-12-31,
092220,KEC,-4.74,0.39,0.0,False,0,False,0.0,0.0,False,0,4,5,2,0,0,0,0,5,16,반도체 제조업,1259.0,2025-12-31,
097230,HJ중공업,24.88,2.03,0.0,False,0,False,0.0,0.007,False,5,0,5,2,0,0,0,0,4,16,토목 건설업,13589.0,2025-12-31,
109070,주성코퍼레이션,36.79,2.59,0.0,False,0,False,0.0,0.021,False,5,0,5,2,0,0,0,0,4,16,통신 및 방송 장비 제조업,750.0,2025-12-31,
123690,한국화장품,96.57,3.24,0.0,False,2,False,0.0,0.006,False,5,0,5,2,0,0,0,0,4,16,생활용품 도매업,1086.0,2025-12-31,
145210,다이나믹디자인,-0.92,0.21,0.0,False,0,False,0.0,0.049,False,0,5,5,2,0,0,0,0,4,16,특수 목적용 기계 제조업,95.0,2025-12-31,
170900,동아에스티,-12.24,0.53,1.96,False,3,False,0.0,2.075,False,0,4,5,2,0,3,0,0,2,16,의약품 제조업,3468.0,2026-03-11,2026-04-15
192820,코스맥스,28.31,6.24,1.07,False,2,False,0.0,0.034,False,5,0,5,2,0,0,0,0,4,16,기타 화학제품 제조업,34843.0,2026-03-31,2026-04-17
207940,삼성바이오로직스,48.54,8.0,0.0,False,0,False,0.0,0.111,False,5,0,5,2,0,0,0,0,4,16,기초 의약물질 제조업,592061.0,2025-12-31,
214420,토니모리,11.1,1.04,0.97,False,0,False,0.0,0.633,False,5,0,5,2,0,0,0,0,4,16,기타 화학제품 제조업,1236.0,2026-03-31,2026-04-28
229640,LS에코에너지,50.62,10.08,0.36,False,2,False,0.0,0.971,False,5,0,5,2,0,0,0,0,4,16,기타 금융업,21300.0,2026-02-28,2026-04-07
241590,화승엔터프라이즈,-5.69,0.36,0.0,False,0,False,0.0,0.0,False,0,4,5,2,0,0,0,0,5,16,신발 및 신발 부분품 제조업,1645.0,2025-12-31,2026-04-03
249420,일동제약,15.97,1.9,1.34,False,0,False,0.0,0.411,False,5,0,5,2,0,0,0,0,4,16,의약품 제조업,4709.0,2026-03-31,2026-04-24
264900,크라운제과,0.0,0.0,3.66,False,8,False,0.0,3.823,False,0,0,5,5,0,4,0,0,2,16,"떡, 빵 및 과자류 제조업",957.0,2025-12-31,2026-04-24
267260,HD현대일렉트릭,31.69,11.43,0.0,False,0,False,0.0,0.151,False,5,0,5,2,0,0,0,0,4,16,"전동기, 발전기 및 전기 변환 · 공급 · 제어 장치 제조업",232144.0,2026-08-12,2026-08-27
267270,HD건설기계,20.11,1.09,0.0,False,0,False,0.0,0.014,False,5,0,5,2,0,0,0,0,4,16,특수 목적용 기계 제조업,53625.0,2026-02-27,2026-04-24
298040,효성중공업,47.01,10.38,0.29,False,2,False,0.0,0.137,False,5,0,5,2,0,0,0,0,4,16,"전동기, 발전기 및 전기 변환 · 공급 · 제어 장치 제조업",244396.0,2025-12-31,2026-04-02
298690,에어부산,71.62,1.25,0.0,False,0,False,0.0,0.05,False,5,0,5,2,0,0,0,0,4,16,항공 여객 운송업,2450.0,2025-12-31,
307950,현대오토에버,57.26,5.66,0.0,False,0,False,0.0,0.003,False,5,0,5,2,0,0,0,0,4,16,소프트웨어 개발 및 공급업,104485.0,2026-03-31,2026-04-24
329180,HD현대중공업,25.89,4.57,1.39,False,1,False,0.0,0.027,False,5,0,5,2,0,0,0,0,4,16,선박 및 보트 건조업,426667.0,2026-08-13,2026-08-31
344820,케이씨씨글라스,-4.53,0.27,0.0,False,0,False,0.0,0.17,False,0,5,5,2,0,0,0,0,4,16,유리 및 유리제품 제조업,3785.0,2026-07-24,2026-08-07
372910,한컴라이프케어,-7.65,0.47,0.0,False,0,False,0.0,0.0,False,0,4,5,2,0,0,0,0,5,16,의료용 기기 제조업,591.0,2025-12-31,
456040,OCI,-10.51,0.58,0.0,False,0,False,0.0,0.0,False,0,4,5,2,0,0,0,0,5,16,기초 화학물질 제조업,6580.0,2025-12-31,
475150,SK이터닉스,54.4,6.11,0.0,False,0,False,0.0,0.068,False,5,0,5,2,0,0,0,0,4,16,건물 건설업,16863.0,2025-12-31,
489790,한화비전,55.15,2.9,0.0,False,0,False,0.0,0.22,False,5,0,5,2,0,0,0,0,4,16,통신 및 방송 장비 제조업,25143.0,2025-12-31,
000040,KR모터스,-7.43,0.4,0.0,False,0,False,0.0,0.013,False,0,4,5,2,0,0,0,0,4,15,그외 기타 운송장비 제조업,199.0,2025-12-31,
000490,대동,-11.95,0.43,1.31,False,0,False,0.0,1.041,False,0,4,5,2,0,0,0,0,4,15,특수 목적용 기계 제조업,2205.0,2026-03-31,2026-04-24
001290,상상인증권,-15.72,0.46,0.0,False,0,False,0.0,1.914,False,0,4,5,2,0,0,0,0,4,15,금융 지원 서비스업,920.0,2025-12-31,
001510,SK증권,19.09,0.8,0.0,False,0,False,0.0,12.316,False,5,3,5,2,0,0,0,0,0,15,금융 지원 서비스업,5343.0,2025-12-31,
003160,디아이,230.56,6.6,0.6,False,3,False,0.0,8.068,False,5,0,5,2,0,3,0,0,0,15,"측정, 시험, 항해, 제어 및 기타 정밀기기 제조업; 광학기기 제외",11745.0,2025-12-31,2026-04-10
004700,조광피혁,35.76,0.8,0.0,False,0,False,0.0,46.566,False,5,3,5,2,0,0,0,0,0,15,"가죽, 가방 및 유사제품 제조업",4508.0,2025-12-31,
004870,티웨이홀딩스,-5.21,0.73,0.0,False,0,False,0.0,0.0,False,0,3,5,2,0,0,0,0,5,15,"시멘트, 석회, 플라스터 및 그 제품 제조업",218.0,,
005320,온타이드,-5.41,0.55,0.0,False,0,False,0.0,1.45,False,0,4,5,2,0,0,0,0,4,15,생활용품 도매업,520.0,2025-12-31,
005610,삼립,25.38,0.7,2.42,False,0,False,0.0,6.07,False,5,3,5,2,0,0,0,0,0,15,기타 식품 제조업,3564.0,2026-03-31,2026-04-15
006120,SK디스커버리,10.44,0.43,2.92,False,7,False,0.0,6.688,True,5,4,0,2,0,4,0,0,0,15,기타 금융업,11911.0,2026-08-10,2026-08-21
009810,플레이그램,-11.62,0.41,0.0,False,0,False,0.0,0.007,False,0,4,5,2,0,0,0,0,4,15,기타 전문 도매업,383.0,2025-12-31,
011090,에넥스,-13.57,0.43,0.0,False,0,False,0.0,1.149,False,0,4,5,2,0,0,0,0,4,15,가구 제조업,177.0,2025-12-31,
011330,유니켐,-6.28,0.3,0.0,False,0,False,0.0,1.902,False,0,4,5,2,0,0,0,0,4,15,자동차 신품 부품 제조업,430.0,2025-12-31,
014130,한익스프레스,-2.46,0.41,0.0,False,0,False,0.0,1.667,False,0,4,5,2,0,0,0,0,4,15,도로 화물 운송업,336.0,2025-12-31,
014710,사조씨푸드,-6.11,0.83,0.5,False,0,False,0.0,0.0,False,0,3,5,2,0,0,0,0,5,15,수산물 가공 및 저장 처리업,1722.0,2025-12-31,2026-04-20
014910,성문전자,22.49,0.96,0.26,False,0,False,0.0,7.388,False,5,3,5,2,0,0,0,0,0,15,전자부품 제조업,428.0,2025-12-31,2026-04-14
015260,에이엔피,-0.61,0.42,0.0,False,0,False,0.0,0.008,False,0,4,5,2,0,0,0,0,4,15,전자부품 제조업,90.0,2025-12-31,
015590,DKME,-37.05,0.86,0.0,False,0,False,0.0,0.0,False,0,3,5,2,0,0,0,0,5,15,일반 목적용 기계 제조업,1207.0,2025-12-31,
015860,일진홀딩스,10.03,0.63,0.0,False,0,False,0.0,6.813,False,5,3,5,2,0,0,0,0,0,15,기타 금융업,3528.0,2025-12-31,2026-04-06
017900,광전자,139.04,2.12,0.49,False,4,False,0.0,13.082,False,5,0,5,2,0,3,0,0,0,15,반도체 제조업,5881.0,2025-12-31,2026-04-07
019680,대교,-2.28,0.24,3.76,False,0,False,0.0,20.133,False,0,5,5,5,0,0,0,0,0,15,초등 교육기관,643.0,2025-12-31,2026-04-07
023960,에쓰씨엔지니어링,-7.74,0.81,0.0,False,0,False,0.0,0.0,False,0,3,5,2,0,0,0,0,5,15,토목 건설업,383.0,2025-12-31,
024090,디씨엠,0.0,0.0,7.22,False,2,False,0.0,25.136,False,0,0,5,10,0,0,0,0,0,15,1차 철강 제조업,1294.0,2025-12-31,2026-04-14
029460,케이씨,14.07,0.6,0.92,False,2,False,0.0,16.608,False,5,3,5,2,0,0,0,0,0,15,"측정, 시험, 항해, 제어 및 기타 정밀기기 제조업; 광학기기 제외",5125.0,2026-02-27,2026-04-13
032830,삼성생명,24.67,0.81,0.0,False,0,False,0.0,10.213,False,5,3,5,2,0,0,0,0,0,15,보험업,568000.0,2025-12-31,2026-04-17
051630,진양화학,-5.59,0.78,0.0,False,0,False,0.0,0.0,False,0,3,5,2,0,0,0,0,5,15,플라스틱제품 제조업,302.0,,
069460,대호에이엘,-1.27,0.56,0.0,False,0,False,0.0,0.12,False,0,4,5,2,0,0,0,0,4,15,1차 비철금속 제조업,463.0,2024-12-31,
071090,하이스틸,-15.48,0.49,0.0,False,0,False,0.0,0.039,False,0,4,5,2,0,0,0,0,4,15,1차 철강 제조업,710.0,2025-12-31,
071950,코아스,-0.27,0.51,0.0,False,0,False,0.0,0.011,False,0,4,5,2,0,0,0,0,4,15,가구 제조업,213.0,2025-12-31,
090370,메타랩스,-3.29,0.41,0.0,False,0,False,0.0,0.012,False,0,4,5,2,0,0,0,0,4,15,봉제의복 제조업,317.0,2025-12-31,
108670,LX하우시스,-7.51,0.39,0.0,False,0,False,0.0,0.203,False,0,4,5,2,0,0,0,0,4,15,플라스틱제품 제조업,2955.0,2025-12-31,
133820,화인베스틸,-6.15,0.72,0.0,False,0,False,0.0,0.0,False,0,3,5,2,0,0,0,0,5,15,1차 철강 제조업,361.0,2025-12-31,
137310,에스디바이오센서,-1.6,0.35,2.98,False,1,False,0.0,1.749,False,0,4,5,2,0,0,0,0,4,15,의료용 기기 제조업,8114.0,2026-03-31,2026-04-17
950210,프레스티지바이오파마,-3.89,0.82,0.0,False,0,False,0.0,0.0,False,0,3,5,2,0,0,0,0,5,15,자연과학 및 공학 연구개발업,3564.0,2025-06-30,
000480,시알홀딩스,-7.36,0.32,4.88,False,1,False,0.0,12.015,False,0,4,5,5,0,0,0,0,0,14,"내화, 비내화 요업제품 제조업",2019.0,2026-07-22,2026-08-04
000990,DB하이텍,24.07,2.64,0.58,False,0,False,0.0,2.402,False,5,0,5,2,0,0,0,0,2,14,반도체 제조업,60558.0,2026-03-10,2026-04-23
002820,SUN&L,-5.38,0.05,0.0,False,0,False,0.0,4.321,False,0,5,5,2,0,0,0,0,2,14,플라스틱제품 제조업,121.0,2025-12-31,
002880,디와이에이,-54.63,0.74,0.0,False,0,False,0.0,0.025,False,0,3,5,2,0,0,0,0,4,14,자동차 신품 부품 제조업,348.0,2025-12-31,
003720,삼영,16.8,2.5,0.0,False,0,False,0.0,3.165,False,5,0,5,2,0,0,0,0,2,14,플라스틱제품 제조업,2210.0,2025-12-31,2026-04-27
005090,SGC에너지,-11.24,0.98,2.72,False,0,False,0.0,0.015,False,0,3,5,2,0,0,0,0,4,14,전기업,6895.0,2025-12-31,2026-04-02
006570,대림통상,-1.68,0.74,0.0,False,0,False,0.0,1.054,False,0,3,5,2,0,0,0,0,4,14,기타 금속 가공제품 제조업,284.0,,
006740,블루산업개발,-0.94,0.28,0.0,False,0,False,0.0,4.062,False,0,5,5,2,0,0,0,0,2,14,"골판지, 종이 상자 및 종이용기 제조업",292.0,2025-12-31,
008600,윌비스,-0.48,0.28,0.0,False,0,False,0.0,2.137,False,0,5,5,2,0,0,0,0,2,14,생활용품 도매업,176.0,2025-12-31,
009150,삼성전기,182.99,13.18,0.14,False,2,False,0.0,2.646,False,5,0,5,2,0,0,0,0,2,14,전자부품 제조업,1243650.0,2025-12-31,2026-04-17
009830,한화솔루션,-10.81,0.76,0.0,False,0,False,0.0,1.476,False,0,3,5,2,0,0,0,0,4,14,기초 화학물질 제조업,82086.0,2025-12-31,
010130,고려아연,27.83,2.03,1.87,False,2,False,0.0,2.298,False,5,0,5,2,0,0,0,0,2,14,1차 비철금속 제조업,223758.0,2026-08-20,2026-09-04
010140,삼성중공업,31.66,4.04,0.0,False,0,False,0.0,2.95,False,5,0,5,2,0,0,0,0,2,14,선박 및 보트 건조업,172744.0,2025-12-31,
011700,한신기계공업,-187.5,0.97,0.76,False,1,False,0.0,0.308,False,0,3,5,2,0,0,0,0,4,14,일반 목적용 기계 제조업,852.0,2025-12-31,2026-04-24
012170,아센디오,-0.49,0.93,0.0,False,0,False,0.0,0.059,False,0,3,5,2,0,0,0,0,4,14,"영화, 비디오물, 방송프로그램 제작 및 배급업",226.0,2025-12-31,
017860,DS단석,-19.05,0.84,0.08,False,0,False,0.0,0.52,False,0,3,5,2,0,0,0,0,4,14,기타 화학제품 제조업,2277.0,2025-12-31,2026-04-24
017960,한국카본,10.43,1.78,1.56,False,2,False,0.0,2.968,False,5,0,5,2,0,0,0,0,2,14,"구조용 금속제품, 탱크 및 증기발생기 제조업",10568.0,2026-09-30,2026-10-16
027740,마니커,-1139.0,0.86,0.0,False,0,False,0.0,0.016,False,0,3,5,2,0,0,0,0,4,14,"도축, 육류 가공 및 저장 처리업",362.0,2025-12-31,
035420,NAVER,15.35,1.03,1.38,False,1,False,0.0,4.637,False,5,0,5,2,0,0,0,0,2,14,"자료처리, 호스팅, 포털 및 기타 인터넷 정보매개 서비스업",288979.0,2026-02-27,2026-04-14
051910,LG화학,-11.83,0.66,0.73,False,1,False,0.0,0.008,False,0,3,5,2,0,0,0,0,4,14,기초 화학물질 제조업,194129.0,2026-03-31,2026-04-30
102460,이연제약,-6.33,0.84,0.0,False,0,False,0.0,1.323,False,0,3,5,2,0,0,0,0,4,14,의약품 제조업,1875.0,2025-12-31,
138040,메리츠금융지주,10.32,2.14,0.0,False,0,False,0.0,3.873,False,5,0,5,2,0,0,0,0,2,14,기타 금융업,219225.0,2025-12-31,
161000,애경케미칼,-178.93,0.74,1.28,False,0,False,0.0,0.757,False,0,3,5,2,0,0,0,0,4,14,기초 화학물질 제조업,5310.0,2026-03-16,2026-04-15
192650,드림텍,9150.0,1.62,0.0,False,0,False,0.0,4.509,False,5,0,5,2,0,0,0,0,2,14,전자부품 제조업,6029.0,2025-12-31,2026-04-14
281820,케이씨텍,48.88,4.69,0.36,False,2,False,0.0,4.648,False,5,0,5,2,0,0,0,0,2,14,"측정, 시험, 항해, 제어 및 기타 정밀기기 제조업; 광학기기 제외",24946.0,2026-02-27,2026-04-13
298050,HS효성첨단소재,-33.64,0.9,0.0,False,0,False,0.0,0.266,False,0,3,5,2,0,0,0,0,4,14,화학섬유 제조업,7280.0,2025-12-31,2026-04-02
323410,카카오뱅크,0.0,0.0,2.31,False,3,False,0.0,0.112,False,0,0,5,2,0,3,0,0,4,14,은행 및 저축기관,94899.0,2026-02-27,2026-04-14
460860,동국제강,0.0,0.0,4.09,False,0,False,0.0,0.117,False,0,0,5,5,0,0,0,0,4,14,1차 철강 제조업,4857.0,2026-06-30,2026-09-04
465770,STX그린로지스,-0.43,0.69,0.0,False,0,False,0.0,0.369,False,0,3,5,2,0,0,0,0,4,14,해상 운송업,163.0,2025-12-31,
480370,씨케이솔루션,-1.73,0.98,0.0,False,0,False,0.0,1.69,False,0,3,5,2,0,0,0,0,4,14,일반 목적용 기계 제조업,703.0,2025-12-31,
002360,SH에너지화학,-3.41,0.53,0.0,False,0,False,0.0,2.602,False,0,4,5,2,0,0,0,0,2,13,기초 화학물질 제조업,368.0,2025-12-31,
003960,사조대림,-3.19,0.38,0.91,False,0,False,0.0,2.443,False,0,4,5,2,0,0,0,0,2,13,수산물 가공 및 저장 처리업,2506.0,2025-12-31,2026-04-21
011280,태림포장,-11.77,0.35,0.0,False,0,False,0.0,2.778,False,0,4,5,2,0,0,0,0,2,13,"골판지, 종이 상자 및 종이용기 제조업",1100.0,2025-12-31,
014160,대영포장,0.0,0.37,0.0,False,0,False,0.0,4.876,False,0,4,5,2,0,0,0,0,2,13,"골판지, 종이 상자 및 종이용기 제조업",710.0,2025-12-31,
001070,대한방직,-49.74,0.13,0.0,False,0,False,0.0,31.843,False,0,5,5,2,0,0,0,0,0,12,직물직조 및 직물제품 제조업,303.0,2025-12-31,
001470,삼부토건,-0.03,-0.02,0.0,False,0,False,0.0,0.0,False,0,0,5,2,0,0,0,0,5,12,토목 건설업,2278.0,2025-12-31,
002420,세기상사,-11.22,1.3,0.0,False,0,False,0.0,0.0,False,0,0,5,2,0,0,0,0,5,12,연료 소매업,1777.0,2025-12-31,
002710,TCC스틸,-51.3,1.56,0.48,False,0,False,0.0,0.0,False,0,0,5,2,0,0,0,0,5,12,1차 철강 제조업,3819.0,2025-12-31,2026-04-16
002760,보락,-39.96,1.28,0.0,False,0,False,0.0,0.0,False,0,0,5,2,0,0,0,0,5,12,기타 화학제품 제조업,598.0,2025-12-31,2026-04-24
003220,대원제약,-132.26,0.66,0.0,False,0,False,0.0,4.433,False,0,3,5,2,0,0,0,0,2,12,의약품 제조업,1839.0,2025-12-31,2026-04-24
004270,남성,-6.93,0.22,0.44,False,0,False,0.0,13.503,False,0,5,5,2,0,0,0,0,0,12,기타 전문 도매업,259.0,2025-12-31,2026-04-17
004380,삼익THK,-3.64,1.03,0.64,False,0,False,0.0,0.0,False,0,0,5,2,0,0,0,0,5,12,일반 목적용 기계 제조업,1617.0,2025-12-31,2026-04-23
004410,서울식품공업,-152.88,20.05,0.0,False,0,False,0.0,0.0,False,0,0,5,2,0,0,0,0,5,12,기타 식품 제조업,483.0,2025-12-31,
004890,동일산업,-6.44,0.18,0.0,False,0,False,0.0,11.697,False,0,5,5,2,0,0,0,0,0,12,1차 철강 제조업,831.0,2025-12-31,2026-04-10
005030,부산주공,0.0,0.0,0.0,False,0,False,0.0,0.0,False,0,0,5,2,0,0,0,0,5,12,자동차 신품 부품 제조업,26.0,2025-12-31,
005180,빙그레,15.06,1.03,0.0,False,0,False,0.0,7.471,False,5,0,5,2,0,0,0,0,0,12,동·식물성 유지 및 낙농제품 제조업,7666.0,2026-03-19,2026-04-13
005500,삼진제약,0.0,0.0,4.05,False,0,False,0.0,4.972,False,0,0,5,5,0,0,0,0,2,12,의약품 제조업,2632.0,2025-12-31,2026-04-20
005950,이수화학,-9.44,3.22,0.0,False,0,False,0.0,0.0,False,0,0,5,2,0,0,0,0,5,12,기초 화학물질 제조업,3095.0,2025-12-31,
006110,삼아알미늄,-39.42,4.5,0.0,False,0,False,0.0,0.0,False,0,0,5,2,0,0,0,0,5,12,1차 비철금속 제조업,10087.0,2025-12-31,2026-04-16
006200,한국전자홀딩스,-11.65,0.1,1.23,False,2,False,0.0,6.297,False,0,5,5,2,0,0,0,0,0,12,기타 금융업,153.0,2025-12-31,2026-04-27
006260,LS,33.7,1.56,0.0,False,0,False,0.0,12.508,False,5,0,5,2,0,0,0,0,0,12,기타 금융업,88920.0,2026-03-31,2026-04-21
006370,대구백화점,-1.0,0.19,0.0,False,0,False,0.0,19.398,False,0,5,5,2,0,0,0,0,0,12,종합 소매업,326.0,2025-12-31,
007340,DN오토모티브,10.28,1.28,2.02,False,1,False,0.0,11.534,False,5,0,5,2,0,0,0,0,0,12,일차전지 및 이차전지 제조업,28934.0,2026-07-31,2026-08-13
007460,에이프로젠,-0.66,0.02,0.0,False,0,False,0.0,6.304,False,0,5,5,2,0,0,0,0,0,12,의약품 제조업,560.0,,
007610,선도전기,14.62,2.04,0.0,False,0,False,0.0,5.728,False,5,0,5,2,0,0,0,0,0,12,"전동기, 발전기 및 전기 변환 · 공급 · 제어 장치 제조업",773.0,2025-12-31,
009240,한샘,20.59,1.68,0.0,False,0,False,0.0,29.462,False,5,0,5,2,0,0,0,0,0,12,생활용품 도매업,9531.0,2026-06-30,2026-07-16
010060,OCI홀딩스,-51.97,1.18,0.4,False,0,False,0.0,0.0,False,0,0,5,2,0,0,0,0,5,12,기타 금융업,46302.0,2025-12-31,2026-04-10
010660,화천기계,0.0,0.0,0.65,False,0,False,0.0,0.0,False,0,0,5,2,0,0,0,0,5,12,특수 목적용 기계 제조업,673.0,2025-12-31,2026-04-22
011230,삼화전자공업,-5.6,2.49,0.0,False,0,False,0.0,0.0,False,0,0,5,2,0,0,0,0,5,12,영상 및 음향기기 제조업,511.0,2025-12-31,
012160,영흥,-0.82,0.21,0.0,False,0,False,0.0,32.777,False,0,5,5,2,0,0,0,0,0,12,1차 철강 제조업,330.0,2025-12-31,
012750,에스원,18.09,1.64,0.0,False,0,False,0.0,11.024,False,5,0,5,2,0,0,0,0,0,12,"경비, 경호 및 탐정업",32299.0,2025-12-31,2026-04-17
017040,광명전기,0.0,0.0,0.0,False,0,False,0.0,0.0,False,0,0,5,2,0,0,0,0,5,12,"전동기, 발전기 및 전기 변환 · 공급 · 제어 장치 제조업",404.0,2025-12-31,
019170,신풍제약,66.31,2.01,0.0,False,0,False,0.0,7.108,False,5,0,5,2,0,0,0,0,0,12,의약품 제조업,5562.0,2025-12-31,
020150,롯데에너지머티리얼즈,-17.62,1.71,0.0,False,0,False,0.0,0.0,False,0,0,5,2,0,0,0,0,5,12,전자부품 제조업,28277.0,2025-12-31,
026890,스틱인베스트먼트,22.69,1.16,0.0,False,0,False,0.0,13.516,False,5,0,5,2,0,0,0,0,0,12,신탁업 및 집합투자업,3175.0,2025-12-31,
028100,동아지질,14.1,1.06,0.0,False,0,False,0.0,8.048,False,5,0,5,2,0,0,0,0,0,12,기반조성 및 시설물 축조관련 전문공사업,2212.0,2026-03-09,2026-04-10
033240,자화전자,12.74,1.26,0.0,False,0,False,0.0,5.663,False,5,0,5,2,0,0,0,0,0,12,전자부품 제조업,5920.0,2025-12-31,
036570,NC,14.88,1.37,0.48,False,0,False,0.0,9.987,False,5,0,5,2,0,0,0,0,0,12,소프트웨어 개발 및 공급업,51382.0,2026-03-31,2026-04-24
041650,상신브레이크,-3.96,0.2,2.28,False,0,False,0.0,9.832,False,0,5,5,2,0,0,0,0,0,12,자동차 신품 부품 제조업,471.0,2025-12-31,2026-04-17
051900,LG생활건강,-47.73,0.83,0.74,False,0,False,0.0,3.713,False,0,3,5,2,0,0,0,0,2,12,기타 화학제품 제조업,40659.0,2026-08-14,2026-08-28
079160,CJ CGV,-5.73,1.44,0.0,False,0,False,0.0,0.0,False,0,0,5,2,0,0,0,0,5,12,"영화, 비디오물, 방송프로그램 제작 및 배급업",8229.0,2025-12-31,
084670,동양고속,28.56,1.4,0.0,False,0,False,0.0,9.897,False,5,0,5,2,0,0,0,0,0,12,육상 여객 운송업,847.0,2025-12-31,
085620,미래에셋생명,34.32,1.21,0.0,False,0,False,0.0,34.149,False,5,0,5,2,0,0,0,0,0,12,보험업,30618.0,2024-12-31,
119650,KC코트렐,-7.06,1.97,0.0,False,0,False,0.0,0.0,False,0,0,5,2,0,0,0,0,5,12,일반 목적용 기계 제조업,1008.0,2025-12-31,
139990,아주스틸,-2.14,0.6,0.0,False,0,False,0.0,2.265,False,0,3,5,2,0,0,0,0,2,12,1차 철강 제조업,886.0,2025-12-31,
214330,금호에이치티,-3.2,0.22,0.0,False,0,False,0.0,8.043,False,0,5,5,2,0,0,0,0,0,12,자동차 신품 부품 제조업,720.0,2025-12-31,
267250,HD현대,15.51,1.32,2.12,True,1,False,0.0,10.538,True,5,0,0,2,5,0,0,0,0,12,기타 금융업,149297.0,2026-08-13,2026-09-04
271940,일진하이솔루스,-213.64,1.35,0.0,False,0,False,0.0,0.0,False,0,0,5,2,0,0,0,0,5,12,그외 기타 운송장비 제조업,4267.0,2025-12-31,
279570,케이뱅크,0.0,0.0,0.0,False,0,False,0.0,0.0,False,0,0,5,2,0,0,0,0,5,12,은행 및 저축기관,22110.0,2025-12-31,
302440,SK바이오사이언스,-51.64,1.66,0.0,False,0,False,0.0,0.0,False,0,0,5,2,0,0,0,0,5,12,기초 의약물질 제조업,29696.0,2025-12-31,
373220,LG에너지솔루션,-85.71,4.55,0.0,False,0,False,0.0,0.0,False,0,0,5,2,0,0,0,0,5,12,일차전지 및 이차전지 제조업,919620.0,2025-12-31,
403550,쏘카,-20.43,2.28,0.8,False,0,False,0.0,0.0,False,0,0,5,2,0,0,0,0,5,12,운송장비 임대업,4340.0,2026-03-31,2026-04-24
450080,에코프로머티,-62.86,3.67,0.0,False,0,False,0.0,0.0,False,0,0,5,2,0,0,0,0,5,12,일차전지 및 이차전지 제조업,27511.0,2026-03-31,2026-04-22
454910,두산로보틱스,-83.88,13.35,0.0,False,0,False,0.0,0.0,False,0,0,5,2,0,0,0,0,5,12,특수 목적용 기계 제조업,46541.0,2025-12-31,
000400,롯데손해보험,0.0,0.0,0.0,False,0,False,0.0,0.395,False,0,0,5,2,0,0,0,0,4,11,보험업,7045.0,2025-12-31,
000650,천일고속,-61.39,18.2,0.0,False,0,False,0.0,0.152,False,0,0,5,2,0,0,0,0,4,11,육상 여객 운송업,2577.0,2025-12-31,
001210,금호전기,-31.51,4.45,0.0,False,0,False,0.0,1.407,False,0,0,5,2,0,0,0,0,4,11,전구 및 조명장치 제조업,1122.0,2025-12-31,
001360,삼성제약,-9.55,1.31,0.0,False,0,False,0.0,0.044,False,0,0,5,2,0,0,0,0,4,11,의약품 제조업,1394.0,2025-12-31,
001530,디아이동일,-55.52,1.02,0.39,False,0,False,0.0,0.012,False,0,0,5,2,0,0,0,0,4,11,상품 중개업,5314.0,2025-12-31,2026-04-01
001570,금양,-9.62,1.38,0.0,False,0,False,0.0,0.195,False,0,0,5,2,0,0,0,0,4,11,기초 화학물질 제조업,6333.0,2025-12-31,
002200,한국수출포장공업,-28.2,0.34,2.93,False,2,False,0.0,12.2,False,0,4,5,2,0,0,0,0,0,11,"골판지, 종이 상자 및 종이용기 제조업",916.0,2025-12-31,2026-04-17
002210,동성제약,-4.65,0.52,0.0,False,0,False,0.0,8.306,False,0,4,5,2,0,0,0,0,0,11,의약품 제조업,1250.0,2025-12-31,
002220,한일철강,-136.67,0.42,1.05,False,1,False,0.0,11.068,False,0,4,5,2,0,0,0,0,0,11,1차 철강 제조업,766.0,2025-12-31,2026-04-10
002390,한독,-56.09,0.41,2.29,False,1,False,0.0,5.613,False,0,4,5,2,0,0,0,0,0,11,의약품 제조업,1204.0,2026-02-28,2026-04-24
002410,범양건영,-0.61,-0.76,0.0,False,0,False,0.0,0.007,False,0,0,5,2,0,0,0,0,4,11,건물 건설업,532.0,2025-12-31,
002630,오리엔트바이오,0.0,0.0,0.0,False,0,False,0.0,0.013,False,0,0,5,2,0,0,0,0,4,11,의약품 제조업,498.0,,
003580,HLB글로벌,-13.43,1.38,0.0,False,0,False,0.0,0.012,False,0,0,5,2,0,0,0,0,4,11,종합 소매업,1021.0,2025-12-31,
005250,녹십자홀딩스,-7.13,0.5,3.0,False,0,False,0.0,8.28,False,0,4,5,2,0,0,0,0,0,11,회사 본부 및 경영 컨설팅 서비스업,4703.0,2026-03-31,2026-04-17
005420,코스모화학,-14.76,2.03,0.0,False,0,False,0.0,0.114,False,0,0,5,2,0,0,0,0,4,11,기타 화학제품 제조업,4478.0,2025-12-31,
006380,카프로,0.0,0.0,0.0,False,0,False,0.0,0.002,False,0,0,5,2,0,0,0,0,4,11,기초 화학물질 제조업,0,2025-12-31,
006490,프리티,-0.51,1.41,0.0,False,0,False,0.0,0.718,False,0,0,5,2,0,0,0,0,4,11,전기 통신업,254.0,2025-12-31,
006840,AK홀딩스,-0.77,0.22,0.0,False,0,False,0.0,1.525,True,0,5,0,2,0,0,0,0,4,11,기타 금융업,914.0,2025-12-31,
007120,미래아이앤지,-3.52,0.53,0.0,False,0,False,0.0,5.386,False,0,4,5,2,0,0,0,0,0,11,"컴퓨터 프로그래밍, 시스템 통합 및 관리업",273.0,2024-12-31,
008970,KBI동양철관,-40.89,1.05,0.0,False,0,False,0.0,0.017,False,0,0,5,2,0,0,0,0,4,11,1차 철강 제조업,1485.0,2025-12-31,
009440,KC그린홀딩스,-0.43,0.17,0.0,False,0,False,0.0,1.334,True,0,5,0,2,0,0,0,0,4,11,기타 금융업,176.0,2025-12-31,
011000,진원생명과학,-0.86,1.1,0.0,False,0,False,0.0,0.245,False,0,0,5,2,0,0,0,0,4,11,의약품 제조업,485.0,2025-12-31,
011300,우성머티리얼스,-5.42,1.37,0.0,False,0,False,0.0,0.008,False,0,0,5,2,0,0,0,0,4,11,직물직조 및 직물제품 제조업,475.0,2025-12-31,
011690,와이투솔루션,-14.52,1.41,0.0,False,0,False,0.0,0.015,False,0,0,5,2,0,0,0,0,4,11,반도체 제조업,1396.0,2025-12-31,
011790,SKC,-5.7,4.52,0.0,False,0,False,0.0,0.545,False,0,0,5,2,0,0,0,0,4,11,기타 화학제품 제조업,54806.0,2025-12-31,
011810,STX,-0.66,-0.96,0.0,False,0,False,0.0,0.122,False,0,0,5,2,0,0,0,0,4,11,상품 종합 도매업,1095.0,,
011930,신성이엔지,-58.71,1.74,0.0,False,0,False,0.0,1.109,False,0,0,5,2,0,0,0,0,4,11,반도체 제조업,4053.0,2025-12-31,
0120G0,삼양바이오팜,0.0,0.0,0.0,False,0,False,0.0,0.079,False,0,0,5,2,0,0,0,0,4,11,의약품 제조업,3755.0,2025-12-31,
012200,계양전기,-2.55,4.5,0.0,False,0,False,0.0,0.154,False,0,0,5,2,0,0,0,0,4,11,일반 목적용 기계 제조업,1093.0,2025-12-31,
014990,인디에프,-564.29,1.56,0.0,False,0,False,0.0,0.004,False,0,0,5,2,0,0,0,0,4,11,봉제의복 제조업,593.0,2025-12-31,
018880,한온시스템,-14.98,1.05,0.0,False,0,False,0.0,0.001,False,0,0,5,2,0,0,0,0,4,11,일반 목적용 기계 제조업,39511.0,2025-12-31,
019490,엑시큐어하이트론,-1.47,3.34,0.0,False,0,False,0.0,0.019,False,0,0,5,2,0,0,0,0,4,11,영상 및 음향기기 제조업,413.0,2025-12-31,
020560,아시아나항공,-6.03,2.29,0.0,False,0,False,0.0,0.044,False,0,0,5,2,0,0,0,0,4,11,항공 여객 운송업,17056.0,2025-12-31,
020760,일진디스플,-7.39,1.63,0.0,False,0,False,0.0,0.122,False,0,0,5,2,0,0,0,0,4,11,반도체 제조업,555.0,2025-12-31,
047040,대우건설,-8.01,2.16,0.0,False,0,False,0.0,1.14,False,0,0,5,2,0,0,0,0,4,11,건물 건설업,72238.0,2025-12-31,
058730,다스코,-12.36,0.39,0.0,False,0,False,0.0,9.26,False,0,4,5,2,0,0,0,0,0,11,"구조용 금속제품, 탱크 및 증기발생기 제조업",641.0,2025-12-31,
084680,이월드,-15.86,1.39,0.0,False,0,False,0.0,0.004,False,0,0,5,2,0,0,0,0,4,11,귀금속 및 장신용품 제조업,652.0,2025-12-31,
085310,엔케이,-16.67,0.37,0.11,False,1,False,0.0,11.916,False,0,4,5,2,0,0,0,0,0,11,"구조용 금속제품, 탱크 및 증기발생기 제조업",647.0,2025-12-31,2026-04-30
089590,제주항공,-3.18,1.35,0.0,False,0,False,0.0,0.087,False,0,0,5,2,0,0,0,0,4,11,항공 여객 운송업,3705.0,2025-12-31,
091810,트리니티항공,-0.4,3.66,0.0,False,0,False,0.0,0.061,False,0,0,5,2,0,0,0,0,4,11,항공 여객 운송업,2701.0,2025-12-31,
092200,디아이씨,-21.44,1.59,0.0,False,0,False,0.0,0.026,False,0,0,5,2,0,0,0,0,4,11,자동차 신품 부품 제조업,2259.0,2025-12-31,
096770,SK이노베이션,-7.65,1.24,0.0,False,0,False,0.0,0.077,False,0,0,5,2,0,0,0,0,4,11,석유 정제품 제조업,272175.0,2025-12-31,
128820,대성산업,-3.78,0.3,2.36,False,0,False,0.0,17.188,False,0,4,5,2,0,0,0,0,0,11,연료 소매업,2302.0,2026-03-31,2026-04-24
134790,시디즈,-16.27,0.49,0.0,False,0,False,0.0,16.052,False,0,4,5,2,0,0,0,0,0,11,가구 제조업,368.0,2025-12-31,
217590,티엠씨,-873.64,4.14,0.26,False,0,False,0.0,1.089,False,0,0,5,2,0,0,0,0,4,11,절연선 및 케이블 제조업,4631.0,2026-03-31,2026-04-21
336260,두산퓨얼셀,-28.25,10.21,0.0,False,0,False,0.0,0.012,False,0,0,5,2,0,0,0,0,4,11,"전동기, 발전기 및 전기 변환 · 공급 · 제어 장치 제조업",30029.0,2025-12-31,
336370,솔루스첨단소재,-12.31,1.19,0.0,False,0,False,0.0,0.008,False,0,0,5,2,0,0,0,0,4,11,전자부품 제조업,6361.0,2025-12-31,2026-04-24
003010,혜인,0.0,0.0,2.3,False,3,False,0.0,22.93,False,0,0,5,2,0,3,0,0,0,10,기계장비 및 관련 물품 도매업,1103.0,2025-12-31,2026-04-20
034730,SK,26.57,1.27,1.38,False,3,False,0.0,24.61,True,5,0,0,2,0,3,0,0,0,10,기타 금융업,421241.0,2026-08-18,2026-08-31
000140,하이트진로홀딩스,-71.19,0.31,4.51,False,1,False,0.0,7.772,True,0,4,0,5,0,0,0,0,0,9,기타 금융업,1801.0,2025-12-31,2026-04-03
000520,삼일제약,-5.46,1.39,0.0,False,0,False,0.0,2.131,False,0,0,5,2,0,0,0,0,2,9,의약품 제조업,1892.0,2025-12-31,
004710,한솔테크닉스,-30.97,1.38,0.85,False,0,False,0.0,2.156,False,0,0,5,2,0,0,0,0,2,9,전자부품 제조업,6243.0,2026-03-31,2026-04-17
006280,녹십자,-326.0,1.22,0.0,False,0,False,0.0,2.34,False,0,0,5,2,0,0,0,0,2,9,의약품 제조업,15239.0,2026-03-31,2026-04-21
006400,삼성SDI,-68.83,2.1,0.0,False,0,False,0.0,4.27,False,0,0,5,2,0,0,0,0,2,9,일차전지 및 이차전지 제조업,461755.0,2025-12-31,
009420,한올바이오파마,-433.96,14.45,0.0,False,0,False,0.0,2.794,False,0,0,5,2,0,0,0,0,2,9,의약품 제조업,24031.0,,
012280,영화금속,0.0,0.0,0.94,False,2,False,0.0,4.142,False,0,0,5,2,0,0,0,0,2,9,자동차 신품 부품 제조업,369.0,2025-12-31,2026-04-15
066970,엘앤에프,-8.29,6.82,0.0,False,0,False,0.0,4.321,False,0,0,5,2,0,0,0,0,2,9,일차전지 및 이차전지 제조업,48539.0,2025-12-31,
082640,동양생명,0.0,0.0,0.0,False,0,False,0.0,3.282,False,0,0,5,2,0,0,0,0,2,9,보험업,0,2025-12-31,
004310,현대약품,0.0,0.0,0.36,False,0,False,0.0,18.326,False,0,0,5,2,0,0,0,0,0,7,의약품 제조업,2675.0,2026-03-04,2026-03-19
008770,호텔신라,-9.1,1.34,0.0,False,0,False,0.0,5.366,False,0,0,5,2,0,0,0,0,0,7,기타 상품 전문 소매업,15425.0,2025-12-31,
015020,이스타코,-8.07,1.02,0.0,False,0,False,0.0,6.909,False,0,0,5,2,0,0,0,0,0,7,부동산 임대 및 공급업,199.0,2025-12-31,
031440,신세계푸드,0.0,0.0,0.0,False,0,False,0.0,6.637,False,0,0,5,2,0,0,0,0,0,7,음식점업,0,2026-04-01,2026-04-16
069640,한세엠케이,-0.71,1.56,0.0,False,0,False,0.0,5.958,False,0,0,5,2,0,0,0,0,0,7,"섬유, 의복, 신발 및 가죽제품 소매업",302.0,2025-12-31,
120030,조선선재,0.0,0.0,0.61,False,2,False,0.0,25.994,False,0,0,5,2,0,0,0,0,0,7,기타 금속 가공제품 제조업,1035.0,2025-12-31,2026-04-24
363280,티와이홀딩스,-1.12,0.09,0.0,False,0,False,0.0,19.537,True,0,5,0,2,0,0,0,0,0,7,기타 금융업,928.0,2025-12-31,
