ticker,name,per,pbr,dividend_yield_pct,quarterly_dividend,dividend_increase_years,buyback_cancel_regular,cancel_ratio_pct,treasury_ratio_pct,dual_listed,score_per,score_pbr,score_dual_listed,score_dividend_yield,score_quarterly_dividend,score_dividend_increase_years,score_buyback_regular,score_cancel_ratio,score_treasury_ratio,quant_subtotal,gics_sector,market_cap,recent_dividend_record_date,recent_dividend_pay_date,treasury_ratio_suspect,cancel_ratio_suspect,data_quality_notes
AES,AES Corporation,5.5692883,2.1457431,4.73,True,13,True,53.836,17.059,False,15,0,5,5,5,5,7,8,0,50,Utilities,10608832512.0,2026-07-31,,False,False,
ALL,Allstate,4.5582933,1.8234488,1.86,True,15,True,1.031,71.778,False,20,0,5,2,5,5,7,3,0,47,Financials,57537826816.0,2026-08-31,,False,False,
HON,Honeywell Technologies,8.1699505,3.6165302,2.1,True,15,True,2.726,0.0,False,10,0,5,2,5,5,7,8,5,47,Industrials,67039150080.0,2026-08-14,,False,False,
SYF,Synchrony Financial,7.3353844,1.5310512,1.73,True,9,True,11.966,61.031,False,15,0,5,2,5,4,7,8,0,46,Financials,23270522880.0,2026-08-05,,False,False,
CHTR,Charter Communications,2.937764,0.7838336,0.0,False,0,True,999.0,999.0,False,20,3,5,2,0,0,7,8,0,45,Communication Services,14477277184.0,,,True,True,자사주비율: 0~100% 범위 밖(4849.052%) (원계산치 4849.052%) / 소각비율: 0~100% 범위 밖(13588.602%)
HPQ,HP Inc.,11.954199,-307.05884,3.83,True,15,True,10.62,0.0,False,5,0,5,5,5,5,7,8,5,45,Information Technology,28244092928.0,2026-09-09,,False,False,
CMCSA,Comcast,7.0290327,0.8608905,5.96,True,6,False,0.0,0.0,False,15,3,5,7,5,4,0,0,5,44,Communication Services,77324795904.0,2026-07-01,,False,False,
MDT,Medtronic,21.82927,2.2807195,3.2,True,7,True,6.172,0.0,False,5,0,5,5,5,4,7,8,5,44,Health Care,114482847744.0,2026-09-25,,False,False,
AAPL,Apple Inc.,39.076214,45.97826,0.31,True,15,True,9.391,0.0,False,5,0,5,2,5,5,7,8,5,42,Information Technology,4938670276608.0,2026-08-10,,False,False,
AOS,A. O. Smith,16.261839,4.3078513,2.47,True,15,True,6.272,0.0,False,5,0,5,2,5,5,7,8,5,42,Industrials,7934342656.0,2026-07-31,,False,False,
HIG,Hartford (The),8.698413,1.773937,1.9,True,15,True,14.222,999.0,False,10,0,5,2,5,5,7,8,0,42,Financials,34140706816.0,2026-09-01,,True,False,자사주비율: 태그값(16.925%) vs 회계항등식 역산(0.071%) 불일치 (원계산치 16.925%)
HII,Huntington Ingalls Industries,15.721711,1.9067858,2.15,True,13,True,2.876,0.0,False,5,0,5,2,5,5,7,8,5,42,Industrials,10128952320.0,2026-08-28,,False,False,
LHX,L3Harris,23.985872,2.2255929,2.08,True,15,True,4.083,0.0,False,5,0,5,2,5,5,7,8,5,42,Industrials,44263215104.0,2026-09-04,,False,False,
MLM,Martin Marietta Materials,31.439463,2.552504,0.68,True,15,True,3.497,0.0,False,5,0,5,2,5,5,7,8,5,42,Materials,34854182912.0,2026-09-01,,False,False,
MO,Altria,14.492662,-43.260323,6.21,True,15,True,4.039,40.493,False,5,0,5,7,5,5,7,8,0,42,Consumer Staples,115429392384.0,2026-09-15,,False,False,
MSFT,Microsoft,28.353008,8.548981,0.71,True,15,True,999.0,0.0,False,5,0,5,2,5,5,7,8,5,42,Information Technology,3781236359168.0,2026-08-20,,False,True,"소각비율: 매입 근사치(168,000,000주)가 실제 유통주식 감소분(10,000,000주)의 5배 초과"
QCOM,Qualcomm,23.088669,7.164749,1.93,True,15,True,10.028,0.0,False,5,0,5,2,5,5,7,8,5,42,Information Technology,200239972352.0,2026-09-03,,False,False,
WMT,Walmart,39.394928,8.7905245,0.9,True,15,True,8.057,0.0,False,5,0,5,2,5,5,7,8,5,42,Consumer Staples,865281966080.0,2026-08-21,,False,False,
AXP,American Express,18.724325,6.031899,1.16,True,15,True,9.333,0.311,False,5,0,5,2,5,5,7,8,4,41,Financials,206867644416.0,2026-07-02,,False,False,
CTVA,Corteva,47.69325,2.0610301,0.93,True,6,True,7.166,0.0,False,5,0,5,2,5,4,7,8,5,41,Materials,51867820032.0,2026-09-01,,False,False,
WSM,"Williams-Sonoma, Inc.",23.817526,14.548489,1.23,True,15,True,11.421,0.009,False,5,0,5,2,5,5,7,8,4,41,Consumer Discretionary,27210522624.0,2026-07-17,,False,False,
YUM,Yum! Brands,17.415617,-5.2291636,2.14,True,8,True,2.714,0.0,False,5,0,5,2,5,4,7,8,5,41,Consumer Discretionary,37736763392.0,2026-09-09,,False,False,
AIG,American International Group,13.527881,0.9404802,2.61,True,12,True,7.358,72.48,False,5,3,5,2,5,5,7,8,0,40,Financials,38056165376.0,2026-09-16,,False,False,
APA,APA Corporation,8.930381,2.1141746,2.36,True,4,True,6.246,28.81,False,10,0,5,2,5,3,7,8,0,40,Energy,14830380032.0,2026-07-22,,False,False,
ED,Consolidated Edison,16.885057,1.4793342,3.42,True,15,True,5.73,9.239,False,5,0,5,5,5,5,7,8,0,40,Utilities,38029479936.0,2026-08-19,,False,False,
GIS,General Mills,,2.4337244,7.26,True,15,True,10.058,29.141,False,0,0,5,10,5,5,7,8,0,40,Consumer Staples,17965486080.0,2026-07-10,,False,False,
LH,Labcorp,25.647888,2.9098208,0.93,True,4,True,4.866,0.0,False,5,0,5,2,5,3,7,8,5,40,Health Care,25106126848.0,2026-08-28,,False,False,
MRVL,Marvell Technology,86.86206,12.108248,0.1,True,4,True,4.768,0.0,False,5,0,5,2,5,3,7,8,5,40,Information Technology,226383691776.0,2026-07-10,,False,False,
PEG,Public Service Enterprise Group,16.6825,1.9176941,3.96,True,15,True,2.772,6.742,False,5,0,5,5,5,5,7,8,0,40,Utilities,33259571200.0,2026-09-09,,False,False,
AIZ,Assurant,12.688011,2.1341226,1.34,True,15,True,8.321,4.443,False,5,0,5,2,5,5,7,8,2,39,Financials,12998292480.0,2026-08-31,,False,False,
GD,General Dynamics,20.538414,3.365156,1.85,True,12,True,1.639,0.0,False,5,0,5,2,5,5,7,5,5,39,Industrials,90409385984.0,2026-07-02,,False,False,
TECH,Bio-Techne,62.508625,5.3687253,0.44,True,15,True,1.62,0.0,False,5,0,5,2,5,5,7,5,5,39,Health Care,11370891264.0,2026-08-24,,False,False,
TRV,Travelers Companies (The),9.759743,2.2872186,1.29,True,15,True,0.0,0.0,False,10,0,5,2,5,5,7,0,5,39,Financials,75746107392.0,2026-09-10,,False,False,
UPS,United Parcel Service,17.453703,5.323355,6.96,True,15,True,0.0,0.0,False,5,0,5,7,5,5,7,0,5,39,Industrials,80186163200.0,2026-08-17,,False,False,
BF.B,Brown–Forman,16.902597,3.0082054,3.55,True,3,True,2.853,5.297,False,5,0,5,5,5,3,7,8,0,38,Consumer Staples,11944237056.0,2026-09-03,,False,False,
MOS,Mosaic Company (The),,0.61699295,3.96,True,1,True,2.356,0.0,False,0,3,5,5,5,0,7,8,5,38,Materials,7073178112.0,2026-09-10,,False,False,
ADP,Automatic Data Processing,24.106813,17.267988,2.6,True,15,True,3.601,37.717,False,5,0,5,2,5,5,7,8,0,37,Industrials,103738654720.0,2026-09-11,,False,False,
AFL,Aflac,12.275676,1.8814621,2.12,True,15,True,7.53,63.038,False,5,0,5,2,5,5,7,8,0,37,Financials,56927531008.0,2026-08-19,,False,False,
AMAT,Applied Materials,41.85383,15.074169,0.41,True,15,True,8.575,999.0,False,5,0,5,2,5,5,7,8,0,37,Information Technology,386291499008.0,2026-08-20,,True,False,자사주비율: 0~100% 범위 밖(156.494%); 태그값(156.494%) vs 회계항등식 역산(0.0%) 불일치 (원계산치 156.494%)
BNY,BNY Mellon,17.320889,2.5235887,1.56,True,15,True,9.94,52.336,False,5,0,5,2,5,5,7,8,0,37,Financials,100717158400.0,2026-07-27,,False,False,
BR,Broadridge Financial Solutions,17.059685,6.538508,2.46,True,15,True,4.337,26.149,False,5,0,5,2,5,5,7,8,0,37,Industrials,18576431104.0,2026-09-03,,False,False,
CAT,Caterpillar Inc.,35.34267,19.43332,0.75,True,12,True,6.99,43.591,False,5,0,5,2,5,5,7,8,0,37,Industrials,376910413824.0,2026-07-20,,False,False,
CFG,Citizens Financial Group,14.2731285,1.1378202,2.84,True,11,True,10.712,35.37,False,5,0,5,2,5,5,7,8,0,37,Financials,27292258304.0,2026-07-30,,False,False,
CL,Colgate-Palmolive,33.929413,292.29727,2.43,True,15,True,3.187,45.334,False,5,0,5,2,5,5,7,8,0,37,Consumer Staples,68971388928.0,2026-07-20,,False,False,
DHI,D. R. Horton,13.496612,1.6431737,1.29,True,11,True,13.411,30.667,False,5,0,5,2,5,5,7,8,0,37,Consumer Discretionary,38995951616.0,2026-08-06,,False,False,
EIX,Edison International,5.435058,1.1352258,6.73,True,1,False,0.0,0.0,False,15,0,5,7,5,0,0,0,5,37,Utilities,19806375936.0,2026-07-07,,False,False,
EME,Emcor,23.751785,8.302911,0.19,True,12,True,5.709,27.835,False,5,0,5,2,5,5,7,8,0,37,Industrials,33767012352.0,2026-07-15,,False,False,
EMR,Emerson Electric,34.574837,4.362666,1.39,True,15,True,3.671,41.494,False,5,0,5,2,5,5,7,8,0,37,Industrials,88907743232.0,2026-08-14,,False,False,
EXPD,Expeditors International,27.330435,11.572875,0.84,False,15,True,999.0,0.0,False,5,0,5,2,0,5,7,8,5,37,Industrials,24513632256.0,2026-06-01,,False,True,"소각비율: 0~100% 범위 밖(360.446%); 매입 근사치(468,655,000주)가 실제 유통주식 감소분(22,691,000주)의 5배 초과"
FDS,FactSet,17.988577,4.712168,1.69,True,15,True,3.824,17.231,False,5,0,5,2,5,5,7,8,0,37,Financials,9519830016.0,2026-08-31,,False,False,
FDX,FedEx,15.406916,2.1965978,1.65,True,15,True,10.44,24.528,False,5,0,5,2,5,5,7,8,0,37,Industrials,68551589888.0,2026-09-14,,False,False,
FTV,Fortive,29.659575,2.7841022,0.45,True,0,True,12.389,0.0,False,5,0,5,2,5,0,7,8,5,37,Industrials,16840470528.0,2026-09-04,,False,False,
GS,Goldman Sachs,14.450088,2.5308177,1.96,True,15,True,5.682,62.991,False,5,0,5,2,5,5,7,8,0,37,Financials,266794532864.0,2026-09-01,,False,False,
HD,Home Depot (The),20.30042,17.410812,3.2,True,15,True,1.552,44.678,False,5,0,5,5,5,5,7,5,0,37,Consumer Discretionary,289220263936.0,2026-09-03,,False,False,
JBHT,J.B. Hunt,32.066666,5.805449,0.79,True,12,True,6.111,43.39,False,5,0,5,2,5,5,7,8,0,37,Industrials,21231349760.0,2026-08-07,,False,False,
JBL,Jabil,39.66791,25.269787,0.1,True,15,True,5.046,62.483,False,5,0,5,2,5,5,7,8,0,37,Information Technology,33419745280.0,2026-08-14,,False,False,
JKHY,Jack Henry & Associates,21.177652,5.0478077,1.63,True,15,True,3.331,33.009,False,5,0,5,2,5,5,7,8,0,37,Financials,10364046336.0,2026-09-04,,False,False,
KLAC,KLA Corporation,51.265583,38.939896,0.44,True,10,True,1.07,0.0,False,5,0,5,2,5,5,7,3,5,37,Information Technology,246868066304.0,2026-08-17,,False,False,
L,Loews Corporation,12.845777,1.1222439,0.24,True,15,True,14.85,999.0,False,5,0,5,2,5,5,7,8,0,37,Financials,21454688256.0,2026-08-19,,True,False,"자사주비율: 태그값(0.81%) vs 회계항등식 역산(-63.355%) 불일치; 직전 신고값(285,176) 대비 급변(1,668,477) (원계산치 0.81%)"
MCHP,Microchip Technology,116.37313,6.5631313,2.33,True,14,True,999.0,6.123,False,5,0,5,2,5,5,7,8,0,37,Information Technology,42338390016.0,2026-08-24,,False,True,"소각비율: 매입 근사치(25,800,000주)가 실제 유통주식 감소분(2,451,449주)의 5배 초과"
MET,MetLife,18.356323,2.226922,2.42,True,15,True,10.822,46.712,False,5,0,5,2,5,5,7,8,0,37,Financials,60891398144.0,2026-08-04,,False,False,
MPC,Marathon Petroleum,13.640631,5.777184,1.03,True,14,True,16.382,71.558,False,5,0,5,2,5,5,7,8,0,37,Energy,109364396032.0,2026-08-19,,False,False,
MS,Morgan Stanley,15.846153,2.856005,2.14,True,15,True,7.651,22.903,False,5,0,5,2,5,5,7,8,0,37,Financials,304124461056.0,2026-07-31,,False,False,
MSI,Motorola Solutions,35.964996,28.001238,1.07,True,14,True,3.704,999.0,False,5,0,5,2,5,5,7,8,0,37,Information Technology,74816430080.0,2026-09-16,,True,False,자사주비율: 태그값(15.89%) vs 회계항등식 역산(1.135%) 불일치 (원계산치 15.89%)
NTRS,Northern Trust,15.099481,2.5513783,1.88,True,15,True,10.555,25.374,False,5,0,5,2,5,5,7,8,0,37,Financials,31934908416.0,2026-09-04,,False,False,
PFE,Pfizer,37.789474,1.9213272,5.99,True,15,True,0.811,40.9,False,5,0,5,7,5,5,7,3,0,37,Health Care,163694624768.0,2026-07-24,,False,False,
PH,Parker Hannifin,34.36902,7.9369173,0.78,True,15,True,2.044,30.387,False,5,0,5,2,5,5,7,8,0,37,Industrials,122272292864.0,2026-08-31,,False,False,
PSX,Phillips 66,14.597006,3.211201,1.98,True,13,True,10.848,39.65,False,5,0,5,2,5,5,7,8,0,37,Energy,101657075712.0,2026-08-18,,False,False,
RMD,ResMed|,21.273949,4.86464,1.11,True,13,True,2.612,24.497,False,5,0,5,2,5,5,7,8,0,37,Health Care,32038436864.0,2026-08-20,,False,False,
ROK,Rockwell Automation,40.64279,13.705187,1.28,True,15,True,3.465,21.429,False,5,0,5,2,5,5,7,8,0,37,Industrials,47983554560.0,2026-08-17,,False,False,
SHW,Sherwin-Williams,30.391783,20.834534,0.96,True,15,True,6.425,999.0,False,5,0,5,2,5,5,7,8,0,37,Materials,80787488768.0,2026-08-21,,True,False,"자사주비율: 직전 신고값(124,324,862) 대비 급변(3,601,159) (원계산치 1.483%)"
SNA,Snap-on,18.837244,3.160882,2.64,True,15,True,4.543,23.338,False,5,0,5,2,5,5,7,8,0,37,Industrials,19098171392.0,2026-08-19,,False,False,
STE,Steris,25.513905,2.8546302,0.92,True,0,True,4.139,0.0,False,5,0,5,2,5,0,7,8,5,37,Health Care,20572524544.0,2026-09-04,,False,False,
STLD,Steel Dynamics,21.17555,3.5125244,0.89,True,15,True,10.979,46.553,False,5,0,5,2,5,5,7,8,0,37,Materials,33021360128.0,2026-06-30,,False,False,
WEC,WEC Energy Group,19.699028,,3.7,True,15,True,0.073,0.0,False,5,0,5,5,5,5,7,0,5,37,Utilities,33057417216.0,2026-08-14,,False,False,
WST,West Pharmaceutical Services,48.037083,8.844234,0.23,True,15,True,3.516,6.507,False,5,0,5,2,5,5,7,8,0,37,Health Care,26436653056.0,2026-07-29,,False,False,
EBAY,eBay Inc.,22.689219,10.237528,1.14,True,6,True,9.934,999.0,False,5,0,5,2,5,4,7,8,0,36,Consumer Discretionary,47757398016.0,2026-08-28,,True,False,자사주비율: 0~100% 범위 밖(108.046%); 태그값(108.046%) vs 회계항등식 역산(63.465%) 불일치 (원계산치 108.046%)
GE,GE Aerospace,38.62136,18.718899,0.52,True,6,True,4.993,999.0,False,5,0,5,2,5,4,7,8,0,36,Industrials,330193862656.0,2026-07-06,,True,False,자사주비율: 0~100% 범위 밖(204.625%); 태그값(204.625%) vs 회계항등식 역산(29.031%) 불일치 (원계산치 204.625%)
HWM,Howmet Aerospace,49.960613,15.933008,0.22,True,5,True,1.161,0.0,False,5,0,5,2,5,4,7,3,5,36,Industrials,91054342144.0,2026-08-07,,False,False,
KVUE,Kenvue,21.035292,3.2532752,5.84,True,2,True,1.051,1.051,False,5,0,5,7,5,0,7,3,4,36,Consumer Staples,34343428096.0,2026-09-21,,False,False,
NXPI,NXP Semiconductors,20.319862,5.2298226,1.72,True,7,True,5.663,999.0,False,5,0,5,2,5,4,7,8,0,36,Information Technology,59591438336.0,2026-09-16,,True,False,자사주비율: 태그값(7.975%) vs 회계항등식 역산(-1468.205%) 불일치 (원계산치 7.975%)
OTIS,Otis Worldwide,16.964195,-4.3930063,2.59,True,5,True,6.547,999.0,False,5,0,5,2,5,4,7,8,0,36,Industrials,25249798144.0,2026-08-14,,True,False,자사주비율: 태그값(13.458%) vs 회계항등식 역산(0.296%) 불일치 (원계산치 13.458%)
UHS,Universal Health Services,7.2440815,1.3921092,0.45,True,5,False,0.0,0.0,False,15,0,5,2,5,4,0,0,5,36,Health Care,10460052480.0,2026-09-01,,False,False,
VRSK,Verisk Analytics,25.970589,-18.823069,1.16,True,6,True,3.574,75.916,False,5,0,5,2,5,4,7,8,0,36,Industrials,21836275712.0,2026-09-15,,False,False,
VST,Vistra Corp.,23.35364,15.426401,0.66,True,6,True,12.842,41.505,False,5,0,5,2,5,4,7,8,0,36,Utilities,46324371456.0,2026-09-21,,False,False,
WDC,Western Digital,16.974907,,0.12,True,0,True,4.808,0.824,False,5,0,5,2,5,0,7,8,4,36,Information Technology,163407970304.0,2026-09-08,,False,False,
MKC,McCormick & Company,8.063228,1.8624134,3.9,True,15,False,0.0,0.0,False,10,0,5,5,5,5,0,0,5,35,Consumer Staples,13028545536.0,2026-07-06,,False,False,
TRGP,Targa Resources,26.548325,16.268692,1.62,True,4,True,5.989,11.85,False,5,0,5,2,5,3,7,8,0,35,Energy,59489595392.0,2026-07-31,,False,False,
USB,U.S. Bancorp,11.850806,1.5106268,3.54,True,15,True,0.753,26.716,False,5,0,5,5,5,5,7,3,0,35,Financials,91582259200.0,2026-06-30,,False,False,
WRB,W. R. Berkley Corporation,13.921811,2.6727238,2.78,True,3,True,4.98,999.0,False,5,0,5,2,5,3,7,8,0,35,Financials,25117255680.0,2026-09-21,,True,False,자사주비율: 0~100% 범위 밖(113.854%); 태그값(113.854%) vs 회계항등식 역산(0.0%) 불일치 (원계산치 113.854%)
CB,Chubb Limited,11.80513,1.6954209,0.91,True,0,True,7.83,2.905,False,5,0,5,2,5,0,7,8,2,34,Financials,127842500608.0,2026-09-11,,False,False,
IEX,IDEX Corporation,33.25899,4.267752,1.25,True,15,True,1.692,17.869,False,5,0,5,2,5,5,7,5,0,34,Industrials,17040353280.0,2026-07-06,,False,False,
ORCL,Oracle Corporation,21.491087,6.4866457,1.51,True,12,True,0.0,0.0,False,5,0,5,2,5,5,7,0,5,34,Information Technology,401977049088.0,2026-07-10,,False,False,
BKR,Baker Hughes,18.36656,2.8471737,1.61,True,7,True,0.0,0.0,False,5,0,5,2,5,4,7,0,5,33,Energy,56701542400.0,2026-08-07,,False,False,
HCA,HCA Healthcare,14.600068,-14.196174,0.71,True,5,True,0.0,0.0,False,5,0,5,2,5,4,7,0,5,33,Health Care,93658554368.0,2026-09-16,,False,False,
TFC,Truist Financial,10.951162,0.9802657,4.42,True,11,False,0.0,0.0,False,5,3,5,5,5,5,0,0,5,33,Financials,57526378496.0,2026-08-14,,False,False,
AME,Ametek,36.740147,5.1237836,0.53,True,15,True,1.368,15.319,False,5,0,5,2,5,5,7,3,0,32,Industrials,57698177024.0,2026-09-15,,False,False,
APTV,Aptiv,20.297674,1.0388497,0.0,False,0,True,23.58,0.0,False,5,0,5,2,0,0,7,8,5,32,Consumer Discretionary,9061117952.0,2020-02-04,,False,False,
AZO,AutoZone,20.045965,-18.82803,0.0,False,0,True,12.291,0.0,False,5,0,5,2,0,0,7,8,5,32,Consumer Discretionary,47116476416.0,,,False,False,
CARR,Carrier Global,40.194244,3.5061185,1.69,True,0,True,999.0,12.617,False,5,0,5,2,5,0,7,8,0,32,Industrials,46055038976.0,2026-07-21,,False,True,"소각비율: 매입 근사치(113,600,000주)가 실제 유통주식 감소분(3,769,153주)의 5배 초과"
COP,ConocoPhillips,16.82777,2.3170395,2.67,True,1,True,57.714,46.748,False,5,0,5,2,5,0,7,8,0,32,Energy,151416569856.0,2026-08-17,,False,False,
CRH,CRH plc,15.008961,2.3203301,1.4,True,0,True,11.757,5.074,False,5,0,5,2,5,0,7,8,0,32,Materials,55717576704.0,2026-08-14,,False,False,
DECK,Deckers Brands,11.146515,4.6548653,0.0,False,0,True,11.658,0.0,False,5,0,5,2,0,0,7,8,5,32,Consumer Discretionary,10671210496.0,,,False,False,
EOG,EOG Resources,10.918479,2.3192494,2.9,True,1,True,9.524,999.0,False,5,0,5,2,5,0,7,8,0,32,Energy,73764544512.0,2026-07-17,,True,False,자사주비율: 태그값(10.788%) vs 회계항등식 역산(53.886%) 불일치 (원계산치 10.788%)
EXPE,Expedia Group,16.607794,26.226305,0.7,True,1,True,13.682,63.515,False,5,0,5,2,5,0,7,8,0,32,Consumer Discretionary,31713435648.0,2026-08-27,,False,False,
FIS,Fidelity National Information Services,5.2703533,1.10389,5.01,True,1,False,0.0,19.375,False,15,0,5,7,5,0,0,0,0,32,Financials,17693870080.0,2026-09-11,,False,False,
HRL,Hormel Foods,31.698412,1.4012069,5.85,True,15,False,0.0,0.0,False,5,0,5,7,5,5,0,0,5,32,Consumer Staples,10990504960.0,2026-07-13,,False,False,
INCY,Incyte,15.7800255,3.954004,0.0,False,0,True,33.334,0.0,False,5,0,5,2,0,0,7,8,5,32,Health Care,25300731904.0,,,False,False,
LYB,LyondellBasell,,1.7637801,5.9,True,2,True,2.36,5.393,False,0,0,5,7,5,0,7,8,0,32,Materials,18823421952.0,2026-08-24,,False,False,
MMM,3M,30.103018,29.608665,1.81,True,0,True,3.93,45.37,False,5,0,5,2,5,0,7,8,0,32,Industrials,87404634112.0,2026-08-24,,False,False,
ORLY,O'Reilly Automotive,27.29022,-38.465984,0.0,False,0,True,3.459,0.0,False,5,0,5,2,0,0,7,8,5,32,Consumer Discretionary,69983199232.0,,,False,False,
PM,Philip Morris International,26.183783,-35.18431,3.03,True,13,True,0.19,999.0,False,5,0,5,5,5,5,7,0,0,32,Consumer Staples,301996933120.0,2026-06-25,,True,False,자사주비율: 태그값(26.109%) vs 회계항등식 역산(14.58%) 불일치 (원계산치 26.109%)
PYPL,PayPal,10.260869,2.3607185,1.03,True,0,True,12.121,999.0,False,5,0,5,2,5,0,7,8,0,32,Financials,46434414592.0,2026-09-04,,True,False,자사주비율: 태그값(37.428%) vs 회계항등식 역산(26.945%) 불일치 (원계산치 37.428%)
RJF,Raymond James Financial,13.941176,2.4381979,1.32,True,1,True,9.377,23.176,False,5,0,5,2,5,0,7,8,0,32,Financials,30958835712.0,2026-07-01,,False,False,
SLB,Schlumberger,25.117075,2.930897,2.27,True,4,True,0.0,0.0,False,5,0,5,2,5,3,7,0,5,32,Energy,76418539520.0,2026-09-02,,False,False,
UAL,United Airlines Holdings,10.670814,2.167726,0.0,False,0,True,2.803,0.0,False,5,0,5,2,0,0,7,8,5,32,Industrials,36192772096.0,2008-01-07,,False,False,
UBER,Uber,15.282512,5.090366,0.0,False,0,True,4.794,0.0,False,5,0,5,2,0,0,7,8,5,32,Industrials,139220910080.0,,,False,False,
VRSN,Verisign,30.593275,-11.312212,1.13,True,0,True,4.074,73.813,False,5,0,5,2,5,0,7,8,0,32,Information Technology,25499127808.0,2026-08-19,,False,False,
WM,Waste Management,29.240793,8.319161,1.77,True,15,True,1.481,36.542,False,5,0,5,2,5,5,7,3,0,32,Industrials,82517204992.0,2026-09-11,,False,False,
CINF,Cincinnati Financial,7.6739335,1.4899197,2.28,True,7,False,0.0,999.0,False,15,0,5,2,5,4,0,0,0,31,Financials,24851165184.0,2026-09-23,,True,False,자사주비율: 태그값(22.642%) vs 회계항등식 역산(0.0%) 불일치 (원계산치 22.642%)
CMS,CMS Energy,18.912386,2.0556266,3.6,True,15,False,0.0,0.0,False,5,0,5,5,5,5,0,0,5,30,Utilities,19629928448.0,2026-08-07,,False,False,
DTE,DTE Energy,19.240446,2.0695739,3.86,True,15,False,0.0,0.0,False,5,0,5,5,5,5,0,0,5,30,Utilities,25143281664.0,2026-09-21,,False,False,
DUK,Duke Energy,17.054136,1.6449106,3.77,True,15,False,0.0,0.0,False,5,0,5,5,5,5,0,0,5,30,Utilities,88426029056.0,2026-08-14,,False,False,
EG,Everest Group,7.831427,0.9274958,1.62,True,0,False,0.0,999.0,False,15,3,5,2,5,0,0,0,0,30,Financials,14179143680.0,2026-09-09,,True,False,자사주비율: 태그값(48.054%) vs 회계항등식 역산(0.0%) 불일치 (원계산치 48.054%)
EVRG,Evergy,19.824429,1.7571043,3.57,True,15,False,0.0,0.0,False,5,0,5,5,5,5,0,0,5,30,Utilities,17963489280.0,2026-08-18,,False,False,
EXC,Exelon,14.823529,1.4014598,4.12,True,11,False,0.0,0.0,False,5,0,5,5,5,5,0,0,5,30,Utilities,41539837952.0,2026-09-04,,False,False,
FE,FirstEnergy,23.129032,1.9244878,4.23,True,11,False,0.0,0.0,False,5,0,5,5,5,5,0,0,5,30,Utilities,24893089792.0,2026-08-07,,False,False,
GPC,Genuine Parts Company,533.87506,3.9027138,3.29,True,15,False,0.0,0.0,False,5,0,5,5,5,5,0,0,5,30,Consumer Discretionary,17663971328.0,2026-09-04,,False,False,
IVZ,Invesco,,1.3486682,2.79,True,4,True,4.081,22.169,False,0,0,5,2,5,3,7,8,0,30,Financials,13434838016.0,2026-08-14,,False,False,
LEN,Lennar,15.535984,0.9046395,2.44,True,15,False,0.0,0.0,False,5,3,5,2,5,5,0,0,5,30,Consumer Discretionary,19760627712.0,2026-07-10,,False,False,
LNT,Alliant Energy,20.003164,2.1768029,3.34,True,15,False,0.0,0.0,False,5,0,5,5,5,5,0,0,5,30,Utilities,16389386240.0,2026-07-31,,False,False,
NEE,NextEra Energy,17.079185,2.7563164,3.23,True,15,False,0.0,0.0,False,5,0,5,5,5,5,0,0,5,30,Utilities,157470490624.0,2026-08-28,,False,False,
NI,NiSource,20.79787,1.9581329,3.02,True,15,False,0.0,0.0,False,5,0,5,5,5,5,0,0,5,30,Utilities,18750799872.0,2026-07-31,,False,False,
NKE,"Nike, Inc.",17.004671,3.6302872,4.51,True,15,False,0.0,0.0,False,5,0,5,5,5,5,0,0,5,30,Consumer Discretionary,53984518144.0,2026-09-01,,False,False,
PAYX,Paychex,20.101215,9.453542,4.57,True,12,False,0.0,0.0,False,5,0,5,5,5,5,0,0,5,30,Industrials,35348860928.0,2026-07-28,,False,False,
SJM,J.M. Smucker Company (The),56.369156,2.2407773,3.66,True,15,False,0.0,0.0,False,5,0,5,5,5,5,0,0,5,30,Consumer Staples,12886080512.0,2026-08-14,,False,False,
SRE,Sempra,22.548386,1.5379231,4.25,True,15,False,0.0,0.0,False,5,0,5,5,5,5,0,0,5,30,Utilities,50278395904.0,2026-09-24,,False,False,
STZ,Constellation Brands,10.826462,2.3453174,3.63,True,10,False,0.0,0.0,False,5,0,5,5,5,5,0,0,5,30,Consumer Staples,19287226368.0,2026-07-30,,False,False,
AEP,American Electric Power,20.449825,2.0058036,3.21,True,15,False,0.0,0.218,False,5,0,5,5,5,5,0,0,4,29,Utilities,64347766784.0,2026-08-10,,False,False,
ARES,Ares Management,55.820755,10.727948,4.37,True,6,False,0.0,0.0,False,5,0,5,5,5,4,0,0,5,29,Financials,39262363648.0,2026-09-16,,False,False,
BBY,Best Buy,15.060303,5.943284,4.26,True,8,False,0.0,0.0,False,5,0,5,5,5,4,0,0,5,29,Consumer Discretionary,18856617984.0,2026-09-17,,False,False,
CIEN,Ciena,77.172646,15.977625,0.0,False,0,True,999.0,3.453,False,5,0,5,2,0,0,7,8,2,29,Information Technology,48809078784.0,,,False,True,"소각비율: 매입 근사치(51,300,000주)가 실제 유통주식 감소분(7,260,077주)의 5배 초과"
ES,Eversource Energy,16.436363,1.4584341,4.93,True,15,False,0.0,1.708,False,5,0,5,5,5,5,0,0,4,29,Utilities,23835977728.0,2026-09-21,,False,False,
HBAN,Huntington Bancshares,11.769232,1.0393316,4.05,True,15,False,0.0,0.359,False,5,0,5,5,5,5,0,0,4,29,Financials,30912348160.0,2026-09-17,,False,False,
KMI,Kinder Morgan,19.88961,2.1544628,3.86,True,9,False,0.0,0.0,False,5,0,5,5,5,4,0,0,5,29,Energy,68206948352.0,2026-08-03,,False,False,
PNW,Pinnacle West Capital,17.595375,1.5732079,3.99,True,15,False,0.0,0.039,False,5,0,5,5,5,5,0,0,4,29,Utilities,11067730944.0,2026-08-03,,False,False,
SO,Southern Company,19.939466,2.3940346,3.64,True,15,False,0.0,0.091,False,5,0,5,5,5,5,0,0,4,29,Utilities,94732394496.0,2026-08-17,,False,False,
TDY,Teledyne Technologies,29.68076,2.5933177,0.0,False,0,True,3.529,2.241,False,5,0,5,2,0,0,7,8,2,29,Information Technology,28315435008.0,,,False,False,
TXN,Texas Instruments,42.168182,14.110937,2.04,True,15,True,0.402,47.559,False,5,0,5,2,5,5,7,0,0,29,Information Technology,254165958656.0,2026-07-31,,False,False,
VZ,Verizon,12.251968,1.8663043,5.99,True,15,False,0.0,3.184,False,5,0,5,7,5,5,0,0,2,29,Communication Services,193944911872.0,2026-07-10,,False,False,
XYL,Xylem Inc.,24.433414,2.1410992,1.67,True,14,True,0.205,10.296,False,5,0,5,2,5,5,7,0,0,29,Industrials,23561154560.0,2026-08-27,,False,False,
ZTS,Zoetis,11.652529,,2.93,True,12,True,0.359,17.481,False,5,0,5,2,5,5,7,0,0,29,Health Care,29516562432.0,2026-07-20,,False,False,
GPN,Global Payments,40.917873,0.97419024,1.18,True,7,False,0.0,1.026,False,5,3,5,2,5,4,0,0,4,28,Financials,22413176832.0,2026-09-11,,False,False,
PPL,PPL Corporation,18.888235,1.6057409,3.51,True,3,False,0.0,0.0,False,5,0,5,5,5,3,0,0,5,28,Utilities,24164214784.0,2026-09-10,,False,False,
SNPS,Synopsys,74.04433,2.5685325,0.0,False,0,True,1.648,0.233,False,5,0,5,2,0,0,7,5,4,28,Information Technology,80029376512.0,,,False,False,
TROW,T. Rowe Price,10.592856,2.0126407,4.98,True,3,False,0.0,0.0,False,5,0,5,5,5,3,0,0,5,28,Financials,22144319488.0,2026-09-15,,False,False,
TSN,Tyson Foods,31.450617,0.99143803,4.0,True,12,False,0.0,999.0,False,5,3,5,5,5,5,0,0,0,28,Consumer Staples,17924286464.0,2026-09-01,,True,False,자사주비율: 0~100% 범위 밖(410.714%) (원계산치 410.714%)
ADBE,Adobe Inc.,13.1405,7.6780667,0.0,False,0,True,4.825,34.942,False,5,0,5,2,0,0,7,8,0,27,Information Technology,91826470912.0,2005-03-24,,False,False,
ADI,Analog Devices,46.741135,5.7110877,1.08,True,15,False,0.0,0.0,False,5,0,5,2,5,5,0,0,5,27,Information Technology,191611715584.0,2026-09-01,,False,False,
ADM,Archer Daniels Midland,22.14325,1.6435274,2.58,True,15,False,0.0,0.0,False,5,0,5,2,5,5,0,0,5,27,Consumer Staples,38739910656.0,2026-08-19,,False,False,
AEE,Ameren,17.49824,2.010031,2.98,True,15,False,0.0,0.0,False,5,0,5,2,5,5,0,0,5,27,Utilities,27515451392.0,2026-09-08,,False,False,
AJG,Arthur J. Gallagher & Co.,38.307182,2.4796836,1.2,True,15,False,0.0,0.0,False,5,0,5,2,5,5,0,0,5,27,Financials,58820005888.0,2026-09-08,,False,False,
ALB,Albemarle Corporation,397.74072,1.57602,1.51,True,15,False,0.0,0.0,False,5,0,5,2,5,5,0,0,5,27,Materials,12672563200.0,2026-09-11,,False,False,
AMGN,Amgen,25.77867,19.339962,2.38,True,14,False,0.0,0.0,False,5,0,5,2,5,5,0,0,5,27,Health Care,226054455296.0,2026-08-21,,False,False,
ANET,Arista Networks,65.05396,17.46527,0.0,False,0,True,0.511,0.0,False,5,0,5,2,0,0,7,3,5,27,Information Technology,258450161664.0,,,False,False,
AON,Aon plc,15.312325,6.010072,0.6,False,0,True,5.425,999.0,False,5,0,5,2,0,0,7,8,0,27,Financials,57719332864.0,2026-08-03,,True,False,자사주비율: 태그값(0.0%) vs 회계항등식 역산(-27.264%) 불일치 (원계산치 0.0%)
ATO,Atmos Energy,18.718712,1.7393568,2.55,True,15,False,0.0,0.0,False,5,0,5,2,5,5,0,0,5,27,Utilities,26539653120.0,2026-08-24,,False,False,
BAC,Bank of America,13.082548,1.4099436,2.09,True,15,False,0.0,0.0,False,5,0,5,2,5,5,0,0,5,27,Financials,387887759360.0,2026-09-04,,False,False,
BG,Bunge Global,23.453762,1.3133113,2.6,True,15,False,0.0,0.0,False,5,0,5,2,5,5,0,0,5,27,Consumer Staples,20952510464.0,2026-08-18,,False,False,
CASY,Casey's,28.813686,5.476027,0.39,True,15,False,0.0,0.0,False,5,0,5,2,5,5,0,0,5,27,Consumer Staples,22406731776.0,2026-07-31,,False,False,
CDNS,Cadence Design Systems,64.950294,13.119429,0.0,False,0,True,3.032,999.0,False,5,0,5,2,0,0,7,8,0,27,Information Technology,89970892800.0,,,True,False,자사주비율: 태그값(21.744%) vs 회계항등식 역산(0.0%) 불일치 (원계산치 21.744%)
CF,CF Industries,8.505891,3.0463908,1.82,True,15,False,0.0,999.0,False,10,0,5,2,5,5,0,0,0,27,Materials,17481066496.0,2026-08-14,,True,False,"자사주비율: 직전 신고값(271,944) 대비 급변(45,854) (원계산치 0.03%)"
CLX,Clorox,16.927235,109.43548,6.1,True,15,False,0.0,7.512,False,5,0,5,7,5,5,0,0,0,27,Consumer Staples,9846202368.0,2026-08-12,,False,False,
CSCO,Cisco,32.054054,8.376364,1.56,True,14,False,0.0,0.0,False,5,0,5,2,5,5,0,0,5,27,Information Technology,420831723520.0,2026-07-06,,False,False,
CSX,CSX Corporation,27.186045,6.1510124,1.18,True,15,False,0.0,0.0,False,5,0,5,2,5,5,0,0,5,27,Industrials,86621724672.0,2026-08-31,,False,False,
DIS,Walt Disney Company (The),21.861282,1.6601678,1.42,False,2,True,3.158,7.789,False,5,0,5,2,0,0,7,8,0,27,Communication Services,182320857088.0,2026-06-30,,False,False,
DPZ,Domino's,16.559206,-2.426927,2.64,True,12,False,0.0,0.0,False,5,0,5,2,5,5,0,0,5,27,Consumer Discretionary,9668798464.0,2026-09-15,,False,False,
DXCM,Dexcom,34.26087,12.479124,0.0,False,0,True,2.255,8.487,False,5,0,5,2,0,0,7,8,0,27,Health Care,32709632000.0,,,False,False,
ECL,Ecolab,37.564346,7.8123784,1.04,True,15,False,0.0,0.0,False,5,0,5,2,5,5,0,0,5,27,Materials,78556487680.0,2026-09-15,,False,False,
ELV,Elevance Health,17.51398,1.9063609,1.74,True,14,False,0.0,0.0,False,5,0,5,2,5,5,0,0,5,27,Health Care,85574451200.0,2026-09-10,,False,False,
EXE,Expand Energy,7.4833336,1.0300031,2.7,True,1,False,0.0,999.0,False,15,0,5,2,5,0,0,0,0,27,Energy,19749586944.0,2026-08-13,,True,False,자사주비율: 태그값(0.0%) vs 회계항등식 역산(-735.077%) 불일치 (원계산치 0.0%)
HPE,Hewlett Packard Enterprise,32.45078,3.1371467,0.91,True,10,False,0.0,0.0,False,5,0,5,2,5,5,0,0,5,27,Information Technology,83139125248.0,2026-09-17,,False,False,
HUBB,Hubbell Incorporated,27.622774,6.289859,1.22,True,15,False,0.0,0.0,False,5,0,5,2,5,5,0,0,5,27,Industrials,24605186048.0,2026-08-31,,False,False,
IDXX,Idexx Laboratories,37.1792,25.877232,0.0,False,0,True,4.012,27.45,False,5,0,5,2,0,0,7,8,0,27,Health Care,41679937536.0,,,False,False,
ILMN,"Illumina, Inc.",50.63315,14.466613,0.0,False,0,True,4.325,23.881,False,5,0,5,2,0,0,7,8,0,27,Health Care,41056899072.0,,,False,False,
ITW,Illinois Tool Works,24.871025,26.946466,2.35,True,15,False,0.0,0.0,False,5,0,5,2,5,5,0,0,5,27,Industrials,77986783232.0,2026-06-30,,False,False,
KEYS,Keysight Technologies,49.0109,9.323312,0.0,False,0,True,5.063,16.108,False,5,0,5,2,0,0,7,8,0,27,Information Technology,61243846656.0,,,False,False,
KMB,Kimberly-Clark,19.442913,18.770428,5.16,True,15,False,0.0,12.15,False,5,0,5,7,5,5,0,0,0,27,Consumer Staples,32848830464.0,2026-09-04,,False,False,
LOW,Lowe's,15.998296,-14.15554,2.58,True,15,False,0.0,0.0,False,5,0,5,2,5,5,0,0,5,27,Consumer Discretionary,105287401472.0,2026-07-22,,False,False,
MA,Mastercard,31.291851,88.84615,0.59,True,15,False,0.0,0.0,False,5,0,5,2,5,5,0,0,5,27,Financials,497801396224.0,2026-07-09,,False,False,
MAS,Masco,15.751152,-36.93139,1.86,True,15,False,0.0,0.0,False,5,0,5,2,5,5,0,0,5,27,Industrials,13479732224.0,2026-08-24,,False,False,
MPWR,Monolithic Power Systems,83.35596,17.045755,0.53,True,11,False,0.0,0.0,False,5,0,5,2,5,5,0,0,5,27,Information Technology,66402017280.0,2026-06-30,,False,False,
NFLX,Netflix,22.404533,9.560834,0.0,False,0,True,2.664,9.927,False,5,0,5,2,0,0,7,8,0,27,Communication Services,288269565952.0,,,False,False,
NOC,Northrop Grumman,16.23235,4.017857,1.89,True,15,False,0.0,0.0,False,5,0,5,2,5,5,0,0,5,27,Industrials,71855472640.0,2026-08-31,,False,False,
NVR,"NVR, Inc.",16.36653,4.949986,0.0,False,0,True,3.315,86.971,False,5,0,5,2,0,0,7,8,0,27,Consumer Discretionary,16786368512.0,1990-02-23,,False,False,
OKE,Oneok,15.3057,2.4354851,4.78,True,15,False,0.0,3.895,False,5,0,5,5,5,5,0,0,2,27,Energy,55866867712.0,2026-08-03,,False,False,
ON,ON Semiconductor,50.09934,4.0797067,0.0,False,0,True,7.114,37.908,False,5,0,5,2,0,0,7,8,0,27,Information Technology,29451954176.0,,,False,False,
OXY,Occidental Petroleum,16.796408,1.6761779,1.85,True,4,True,0.026,18.725,False,5,0,5,2,5,3,7,0,0,27,Energy,56079654912.0,2026-09-10,,False,False,
PHM,PulteGroup,12.243577,1.7179816,0.87,True,12,False,0.0,0.0,False,5,0,5,2,5,5,0,0,5,27,Consumer Discretionary,22692638720.0,2026-09-15,,False,False,
PPG,PPG Industries,15.441559,2.8175356,2.68,True,15,False,0.0,0.0,False,5,0,5,2,5,5,0,0,5,27,Materials,23788322816.0,2026-08-10,,False,False,
RF,Regions Financial Corporation,11.218107,1.3305349,4.02,True,15,False,0.0,4.591,False,5,0,5,5,5,5,0,0,2,27,Financials,23223599104.0,2026-09-01,,False,False,
RVTY,Revvity,72.605774,2.3311672,0.19,True,15,False,0.0,0.0,False,5,0,5,2,5,5,0,0,5,27,Health Care,16851778560.0,2026-07-17,,False,False,
SBUX,Starbucks,55.069363,-14.149711,2.6,True,15,False,0.0,0.0,False,5,0,5,2,5,5,0,0,5,27,Consumer Discretionary,108607799296.0,2026-08-14,,False,False,
STX,Seagate Technology,65.77516,96.442696,0.4,True,12,False,0.0,0.0,False,5,0,5,2,5,5,0,0,5,27,Information Technology,209544937472.0,2026-09-24,,False,False,
SWKS,Skyworks Solutions,45.38342,2.297262,2.43,True,11,False,0.0,0.0,False,5,0,5,2,5,5,0,0,5,27,Information Technology,13179910144.0,2026-05-26,,False,False,
SYK,Stryker Corporation,28.559128,4.4022837,1.26,True,15,False,0.0,0.0,False,5,0,5,2,5,5,0,0,5,27,Health Care,105601499136.0,2026-06-30,,False,False,
TGT,Target Corporation,16.332989,4.033658,2.89,True,15,False,0.0,0.0,False,5,0,5,2,5,5,0,0,5,27,Consumer Staples,71974232064.0,2026-08-12,,False,False,
TXT,Textron,14.434702,1.6516876,0.1,True,15,False,0.0,0.0,False,5,0,5,2,5,5,0,0,5,27,Industrials,13306628096.0,2026-09-11,,False,False,
UNH,UnitedHealth Group,24.21987,3.4733088,2.4,True,15,False,0.0,0.0,False,5,0,5,2,5,5,0,0,5,27,Health Care,339138248704.0,2026-09-14,,False,False,
UNP,Union Pacific Corporation,22.176376,8.380213,2.03,True,15,False,0.0,0.0,False,5,0,5,2,5,5,0,0,5,27,Industrials,162836103168.0,2026-08-31,,False,False,
V,Visa Inc.,31.243837,19.488075,0.73,True,15,False,0.0,0.0,False,5,0,5,2,5,5,0,0,5,27,Financials,690378637312.0,2026-08-11,,False,False,
VMC,Vulcan Materials Company,29.338497,3.7628982,0.83,True,13,False,0.0,0.0,False,5,0,5,2,5,5,0,0,5,27,Materials,31895805952.0,2026-08-13,,False,False,
AMCR,Amcor,17.97899,1.6765928,6.08,True,5,False,0.0,999.0,False,5,0,5,7,5,4,0,0,0,26,Materials,19783772160.0,2026-09-04,,True,False,자사주비율: 태그값(0.087%) vs 회계항등식 역산(99.997%) 불일치 (원계산치 0.087%)
APH,Amphenol,42.099503,13.465946,0.59,True,15,False,0.0,0.195,False,5,0,5,2,5,5,0,0,4,26,Information Technology,208670113792.0,2026-09-22,,False,False,
AVGO,Broadcom,45.04768,16.740255,0.74,True,6,False,0.0,0.0,False,5,0,5,2,5,4,0,0,5,26,Information Technology,1668717871104.0,2026-09-21,,False,False,
BLK,BlackRock,26.039135,2.8819973,2.09,True,15,False,0.0,0.819,False,5,0,5,2,5,5,0,0,4,26,Financials,174052622336.0,2026-09-08,,False,False,
CTSH,Cognizant,12.178112,1.7736592,2.29,True,8,False,0.0,0.0,False,5,0,5,2,5,4,0,0,5,26,Information Technology,25562710016.0,2026-08-18,,False,False,
ETN,Eaton Corporation,44.845116,8.27296,1.01,True,5,False,0.0,0.0,False,5,0,5,2,5,4,0,0,5,26,Industrials,167559643136.0,2026-08-07,,False,False,
GRMN,Garmin,30.408478,6.2825823,1.33,True,15,False,0.0,1.025,False,5,0,5,2,5,5,0,0,4,26,Consumer Discretionary,56708288512.0,2026-09-11,,False,False,
J,Jacobs Solutions,45.81788,4.9648366,1.01,True,8,False,0.0,0.0,False,5,0,5,2,5,4,0,0,5,26,Industrials,16194631680.0,2026-08-21,,False,False,
KDP,Keurig Dr Pepper,32.10204,1.7102473,2.92,True,6,False,0.0,0.0,False,5,0,5,2,5,4,0,0,5,26,Consumer Staples,42811584512.0,2026-09-28,,False,False,
KKR,KKR & Co.,30.874172,2.936693,0.82,True,6,False,0.0,0.0,False,5,0,5,2,5,4,0,0,5,26,Financials,86115581952.0,2026-08-10,,False,False,
LDOS,Leidos,11.542452,2.9057617,1.41,True,8,False,0.0,0.0,False,5,0,5,2,5,4,0,0,5,26,Industrials,15353971712.0,2026-09-15,,False,False,
LLY,Lilly (Eli),39.67783,31.176783,0.56,True,15,False,0.0,0.084,False,5,0,5,2,5,5,0,0,4,26,Health Care,1056517390336.0,2026-08-14,,False,False,
LMT,Lockheed Martin,19.160501,13.590576,2.66,True,15,False,0.0,0.112,False,5,0,5,2,5,5,0,0,4,26,Industrials,119572684800.0,2026-09-01,,False,False,
ODFL,Old Dominion,33.305088,8.068711,0.65,True,8,False,0.0,0.0,False,5,0,5,2,5,4,0,0,5,26,Industrials,36779192320.0,2026-09-02,,False,False,
PKG,Packaging Corporation of America,30.776903,4.454998,2.35,True,15,False,0.0,0.112,False,5,0,5,2,5,5,0,0,4,26,Materials,20895332352.0,2026-09-15,,False,False,
RL,Ralph Lauren Corporation,22.519547,7.8214784,1.07,True,5,False,0.0,0.0,False,5,0,5,2,5,4,0,0,5,26,Consumer Discretionary,21280393216.0,2026-09-25,,False,False,
ROL,"Rollins, Inc.",27.3125,10.296197,2.39,True,15,False,0.0,0.042,False,5,0,5,2,5,5,0,0,4,26,Industrials,14718237696.0,2026-08-10,,False,False,
TJX,TJX Companies,24.075787,13.835777,1.39,True,5,False,0.0,0.0,False,5,0,5,2,5,4,0,0,5,26,Consumer Discretionary,143271608320.0,2026-08-13,,False,False,
TPR,"Tapestry, Inc.",15.669889,32.845974,1.47,True,5,False,0.0,0.0,False,5,0,5,2,5,4,0,0,5,26,Consumer Discretionary,22620985344.0,2026-09-04,,False,False,
WAB,Wabtec,38.77586,4.4087396,0.4,True,15,False,0.0,1.629,False,5,0,5,2,5,5,0,0,4,26,Industrials,49384464384.0,2026-08-18,,False,False,
WMB,Williams Companies,27.592001,6.413165,3.01,True,8,False,0.0,3.09,False,5,0,5,5,5,4,0,0,2,26,Energy,84374093824.0,2026-09-11,,False,False,
WTW,Willis Towers Watson,18.222706,3.5337453,1.29,True,9,False,0.0,0.0,False,5,0,5,2,5,4,0,0,5,26,Financials,27128819712.0,2026-06-30,,False,False,
APO,Apollo Global Management,43.272728,3.4955792,1.8,True,3,False,0.0,0.0,False,5,0,5,2,5,3,0,0,5,25,Financials,70274637824.0,2026-08-19,,False,False,
BEN,Franklin Resources,22.537931,1.4129448,4.01,True,0,False,0.0,0.0,False,5,0,5,5,5,0,0,0,5,25,Financials,16603953152.0,2026-06-29,,False,False,
BX,Blackstone Inc.,26.518517,10.165941,4.57,True,2,False,0.0,0.0,False,5,0,5,5,5,0,0,0,5,25,Financials,136933310464.0,2026-08-03,,False,False,
CEG,Constellation Energy,25.708784,2.8936987,0.64,True,3,False,0.0,0.0,False,5,0,5,2,5,3,0,0,5,25,Utilities,92272271360.0,2026-08-18,,False,False,
CME,CME Group,22.422487,3.5661643,4.29,True,0,False,0.0,0.0,False,5,0,5,5,5,0,0,0,5,25,Financials,94655643648.0,2026-09-09,,False,False,
CVS,CVS Health,23.552279,1.4086426,3.03,True,15,False,0.0,28.802,False,5,0,5,5,5,5,0,0,0,25,Health Care,112357548032.0,2026-07-23,,False,False,
CVX,Chevron Corporation,19.862366,2.1319213,3.42,True,15,False,0.0,19.114,False,5,0,5,5,5,5,0,0,0,25,Energy,404816068608.0,2026-08-19,,False,False,
DELL,Dell Technologies,32.796017,-243.69058,0.43,True,3,False,0.0,0.0,False,5,0,5,2,5,3,0,0,5,25,Information Technology,345519718400.0,2026-07-21,,False,False,
ERIE,Erie Indemnity,20.229717,4.7035885,2.59,True,4,False,0.0,0.0,False,5,0,5,2,5,3,0,0,5,25,Financials,11604167680.0,2026-07-07,,False,False,
FITB,Fifth Third Bancorp,17.540815,1.4474163,3.1,True,15,False,0.0,999.0,False,5,0,5,5,5,5,0,0,0,25,Financials,46768447488.0,2026-06-30,,True,False,자사주비율: 태그값(27.889%) vs 회계항등식 역산(1.875%) 불일치 (원계산치 27.889%)
GEN,Gen Digital,12.636364,4.7023005,2.4,True,4,False,0.0,0.0,False,5,0,5,2,5,3,0,0,5,25,Information Technology,12480539648.0,2026-08-17,,False,False,
GM,General Motors,36.821915,1.1406586,0.86,True,3,False,0.0,0.0,False,5,0,5,2,5,3,0,0,5,25,Consumer Discretionary,72934973440.0,2026-09-04,,False,False,
HAS,Hasbro,15.916369,17.918669,3.13,True,12,False,0.0,35.871,False,5,0,5,5,5,5,0,0,0,25,Consumer Discretionary,12616426496.0,2026-08-19,,False,False,
HSY,Hershey Company (The),22.739973,7.239861,3.48,True,15,False,0.0,9.315,False,5,0,5,5,5,5,0,0,0,25,Consumer Staples,33034188800.0,2026-08-14,,False,False,
IBM,IBM,20.042688,6.034511,3.05,True,15,False,0.0,58.972,False,5,0,5,5,5,5,0,0,0,25,Information Technology,207900803072.0,2026-08-10,,False,False,
KEY,KeyCorp,12.071005,1.2642539,4.02,True,15,False,0.0,14.695,False,5,0,5,5,5,5,0,0,0,25,Financials,21769422848.0,2026-09-01,,False,False,
MAR,Marriott International,36.51426,-20.745777,0.78,True,4,False,0.0,0.0,False,5,0,5,2,5,3,0,0,5,25,Consumer Discretionary,93502971904.0,2026-08-20,,False,False,
MCD,McDonald's,19.194742,-161.5491,3.18,True,15,False,0.0,57.389,False,5,0,5,5,5,5,0,0,0,25,Consumer Discretionary,165305073664.0,2026-09-01,,False,False,
MDLZ,Mondelez International,22.043957,2.892852,3.32,True,11,False,0.0,999.0,False,5,0,5,5,5,5,0,0,0,25,Consumer Staples,76808224768.0,2026-06-30,,True,False,자사주비율: 태그값(35.707%) vs 회계항등식 역산(12.658%) 불일치 (원계산치 35.707%)
OMC,Omnicom Group,202.97296,2.1324322,4.26,True,15,False,0.0,25.735,False,5,0,5,5,5,5,0,0,0,25,Communication Services,20603379712.0,2026-09-18,,False,False,
PCG,PG&E Corporation,8.851851,0.8142546,1.46,True,2,False,0.0,999.0,False,10,3,5,2,5,0,0,0,0,25,Utilities,35878285312.0,2026-06-30,,True,False,자사주비율: 태그값(0.0%) vs 회계항등식 역산(-493.273%) 불일치 (원계산치 0.0%)
PEP,PepsiCo,16.863518,7.9433765,4.52,True,15,False,0.0,36.676,False,5,0,5,5,5,5,0,0,0,25,Consumer Staples,175530999808.0,2026-09-04,,False,False,
PGR,Progressive Corporation,10.308563,3.5447516,6.64,True,3,False,0.0,27.193,False,5,0,5,7,5,3,0,0,0,25,Financials,121576390656.0,2026-07-02,,False,False,
PNC,PNC Financial Services,12.31663,1.5371028,3.17,True,15,False,0.0,999.0,False,5,0,5,5,5,5,0,0,0,25,Financials,89231728640.0,2026-07-20,,True,False,자사주비율: 태그값(28.32%) vs 회계항등식 역산(6.153%) 불일치 (원계산치 28.32%)
PRU,Prudential Financial,10.82929,1.2691454,4.78,True,15,False,0.0,48.19,False,5,0,5,5,5,5,0,0,0,25,Financials,40051048448.0,2026-08-25,,False,False,
PSKY,Paramount Skydance Corporation,342.66666,0.9790476,1.95,True,1,False,0.0,0.0,False,5,3,5,2,5,0,0,0,5,25,Communication Services,11533601792.0,2026-09-15,,False,False,
SW,Smurfit Westrock,47.946808,1.3089569,3.01,True,0,False,0.0,0.0,False,5,0,5,5,5,0,0,0,5,25,Materials,23640248320.0,2026-08-14,,False,False,
SWK,Stanley Black & Decker,22.350126,1.4956596,3.75,True,15,False,0.0,14.635,False,5,0,5,5,5,5,0,0,0,25,Industrials,13399706624.0,2026-09-08,,False,False,
T,AT&T,8.383838,1.5508221,4.47,True,2,False,0.0,9.736,False,10,0,5,5,5,0,0,0,0,25,Communication Services,170624401408.0,2026-07-10,,False,False,
XEL,Xcel Energy,19.010958,1.8010278,3.39,True,1,False,0.0,0.0,False,5,0,5,5,5,0,0,0,5,25,Utilities,43343372288.0,2026-09-15,,False,False,
ABBV,AbbVie,75.00845,-79.27359,2.56,True,12,False,0.0,4.181,False,5,0,5,2,5,5,0,0,2,24,Health Care,470547988480.0,2026-07-15,,False,False,
ABNB,Airbnb,35.96313,11.807247,0.0,False,0,True,0.0,0.0,False,5,0,5,2,0,0,7,0,5,24,Consumer Discretionary,93458464768.0,,,False,False,
ACN,Accenture,14.070162,3.3474033,1.87,False,0,True,0.0,0.0,False,5,0,5,2,0,0,7,0,5,24,Information Technology,106765533184.0,2026-07-09,,False,False,
AMD,Advanced Micro Devices,161.23872,14.757349,0.0,False,0,True,1.691,999.0,False,5,0,5,2,0,0,7,5,0,24,Information Technology,992332546048.0,,,True,False,"자사주비율: 직전 신고값(67,000,000) 대비 급변(0) (원계산치 0.0%)"
AWK,American Water Works,22.65905,2.1964972,2.67,True,12,False,0.0,2.687,False,5,0,5,2,5,5,0,0,2,24,Utilities,25622126592.0,2026-08-11,,False,False,
BKNG,Booking Holdings,18.207777,-11.51905,1.0,True,1,True,0.415,53.152,False,5,0,5,2,5,0,7,0,0,24,Consumer Discretionary,123128717312.0,2026-09-11,,False,False,
DASH,DoorDash,100.78531,7.7902966,0.0,False,0,True,0.0,0.0,False,5,0,5,2,0,0,7,0,5,24,Consumer Discretionary,77296017408.0,,,False,False,
DRI,Darden Restaurants,19.372665,10.181386,3.11,True,5,False,0.0,999.0,False,5,0,5,5,5,4,0,0,0,24,Consumer Discretionary,22369998848.0,2026-07-10,,True,False,"자사주비율: 직전 신고값(1,300,000) 대비 급변(0) (원계산치 0.0%)"
KHC,Kraft Heinz,,0.77604663,6.79,True,6,False,0.0,5.873,False,0,3,5,7,5,4,0,0,0,24,Consumer Staples,27938007040.0,2026-09-04,,False,False,
NDAQ,"Nasdaq, Inc.",27.241177,4.3420377,1.25,True,13,False,0.0,4.345,False,5,0,5,2,5,5,0,0,2,24,Financials,51772481536.0,2026-09-11,,False,False,
NOW,ServiceNow,82.15625,10.858252,0.0,False,0,True,1.119,3.599,False,5,0,5,2,0,0,7,3,2,24,Information Technology,135901159424.0,,,False,False,
BMY,Bristol Myers Squibb,13.8568325,5.8471394,3.93,True,4,False,0.0,30.586,False,5,0,5,5,5,3,0,0,0,23,Health Care,130488614912.0,2026-07-02,,False,False,
D,Dominion Energy,20.85813,1.8991808,4.43,True,4,False,0.0,999.0,False,5,0,5,5,5,3,0,0,0,23,Utilities,53017825280.0,2026-09-04,,True,False,자사주비율: 0~100% 범위 밖(240.741%); 태그값(240.741%) vs 회계항등식 역산(-16177.778%) 불일치 (원계산치 240.741%)
VRT,Vertiv,55.088036,19.745934,0.1,True,5,False,0.0,2.358,False,5,0,5,2,5,4,0,0,2,23,Industrials,93952507904.0,2026-09-14,,False,False,
ABT,Abbott Laboratories,32.785717,3.418763,2.46,True,12,False,0.0,12.832,False,5,0,5,2,5,5,0,0,0,22,Health Care,174734114816.0,2026-07-15,,False,False,
ACGL,Arch Capital Group,7.4082747,1.3890922,0.0,False,0,False,0.0,43.438,False,15,0,5,2,0,0,0,0,0,22,Financials,32382644224.0,2024-11-18,,False,False,
ALLE,Allegion,20.284595,6.238407,1.06,True,0,False,0.0,0.0,False,5,0,5,2,5,0,0,0,5,22,Industrials,13213016064.0,2026-09-15,,False,False,
AMP,Ameriprise Financial,11.9816475,6.8936005,1.33,True,15,False,0.0,73.858,False,5,0,5,2,5,5,0,0,0,22,Financials,43827408896.0,2026-08-03,,False,False,
AVY,Avery Dennison,18.622969,5.6169534,2.26,True,15,False,0.0,38.85,False,5,0,5,2,5,5,0,0,0,22,Materials,13027223552.0,2026-09-02,,False,False,
BALL,Ball Corporation,16.369627,2.6309004,1.4,True,15,False,0.0,61.427,False,5,0,5,2,5,5,0,0,0,22,Materials,15122503680.0,2026-09-01,,False,False,
BDX,Becton Dickinson,31.85962,2.0508273,2.16,True,15,False,0.0,22.988,False,5,0,5,2,5,5,0,0,0,22,Health Care,50072870912.0,2026-09-09,,False,False,
BRK.B,Berkshire Hathaway,12.707501,0.00096335704,0.0,False,0,False,0.0,0.0,False,5,5,5,2,0,0,0,0,5,22,Financials,1076969668608.0,,,False,False,
BRO,Brown & Brown,19.432259,1.5798584,1.1,True,15,False,0.0,8.078,False,5,0,5,2,5,5,0,0,0,22,Financials,20156930048.0,2026-08-12,,False,False,
C,Citigroup,14.477398,1.1444334,1.88,True,14,False,0.0,999.0,False,5,0,5,2,5,5,0,0,0,22,Financials,220264218624.0,2026-08-03,,True,False,자사주비율: 태그값(43.623%) vs 회계항등식 역산(-837.159%) 불일치 (원계산치 43.623%)
CDW,CDW Corporation,16.29125,6.6870193,1.93,True,12,False,0.0,999.0,False,5,0,5,2,5,5,0,0,0,22,Information Technology,16293521408.0,2026-08-25,,True,False,자사주비율: 태그값(0.07%) vs 회계항등식 역산(12.132%) 불일치 (원계산치 0.07%)
CHD,Church & Dwight,30.845163,5.2151628,1.27,True,15,False,0.0,19.262,False,5,0,5,2,5,5,0,0,0,22,Consumer Staples,22681438208.0,2026-08-14,,False,False,
CHRW,C.H. Robinson,28.075758,10.666284,1.7,True,14,False,0.0,34.646,False,5,0,5,2,5,5,0,0,0,22,Industrials,17322031104.0,2026-09-04,,False,False,
CI,Cigna,11.246586,1.6818769,2.28,True,15,False,0.0,35.049,False,5,0,5,2,5,5,0,0,0,22,Health Care,71828488192.0,2026-09-08,,False,False,
CMI,Cummins,26.803314,5.5490193,1.58,True,15,False,0.0,38.157,False,5,0,5,2,5,5,0,0,0,22,Industrials,71288176640.0,2026-08-21,,False,False,
COST,Costco,44.43524,11.426377,0.6,True,1,False,0.0,0.0,False,5,0,5,2,5,0,0,0,5,22,Consumer Staples,409099042816.0,2026-07-24,,False,False,
CRM,Salesforce,20.79323,4.873692,0.76,True,1,False,0.0,0.0,False,5,0,5,2,5,0,0,0,5,22,Information Technology,187043217408.0,2026-09-17,,False,False,
DE,Deere & Company,38.31056,6.6427455,0.94,True,15,False,0.0,49.602,False,5,0,5,2,5,5,0,0,0,22,Industrials,185930989568.0,2026-06-30,,False,False,
DG,Dollar General,16.215124,2.9539464,1.9,True,2,False,0.0,0.0,False,5,0,5,2,5,0,0,0,5,22,Consumer Staples,27438110720.0,2026-07-07,,False,False,
DGX,Quest Diagnostics,25.225052,3.4776878,1.4,True,15,False,0.0,32.099,False,5,0,5,2,5,5,0,0,0,22,Health Care,26226917376.0,2026-07-08,,False,False,
DOV,Dover Corporation,23.153564,3.3474352,1.09,True,15,False,0.0,48.133,False,5,0,5,2,5,5,0,0,0,22,Industrials,25788569600.0,2026-08-31,,False,False,
EFX,Equifax,26.032143,3.913872,1.5,True,15,False,0.0,37.559,False,5,0,5,2,5,5,0,0,0,22,Industrials,17126947840.0,2026-08-31,,False,False,
EL,Estée Lauder Companies (The),187.39217,9.0846,1.46,True,0,False,0.0,0.0,False,5,0,5,2,5,0,0,0,5,22,Consumer Staples,34577088512.0,2026-08-31,,False,False,
ETR,Entergy,25.218508,2.5111992,2.61,True,15,False,0.0,22.113,False,5,0,5,2,5,5,0,0,0,22,Utilities,46869970944.0,2026-08-13,,False,False,
FANG,Diamondback Energy,35.281902,1.3712311,2.29,True,0,False,0.0,0.0,False,5,0,5,2,5,0,0,0,5,22,Energy,51868061696.0,2026-08-13,,False,False,
FAST,Fastenal,43.15385,14.238579,1.9,True,1,False,0.0,0.0,False,5,0,5,2,5,0,0,0,5,22,Industrials,57937154048.0,2026-07-28,,False,False,
FIX,Comfort Systems USA,40.81467,18.1136,0.18,True,15,False,0.0,14.403,False,5,0,5,2,5,5,0,0,0,22,Industrials,58362757120.0,2026-08-13,,False,False,
GILD,Gilead Sciences,,15.968319,2.14,True,10,False,0.0,0.0,False,0,0,5,2,5,5,0,0,5,22,Health Care,188733587456.0,2026-09-15,,False,False,
GL,Globe Life,11.112667,2.086494,0.72,True,10,False,0.0,999.0,False,5,0,5,2,5,5,0,0,0,22,Financials,12810034176.0,2026-07-06,,True,False,자사주비율: 태그값(16.444%) vs 회계항등식 역산(0.0%) 불일치 (원계산치 16.444%)
GLW,Corning Inc.,72.531105,10.934862,0.74,True,15,False,0.0,52.316,False,5,0,5,2,5,5,0,0,0,22,Information Technology,130577858560.0,2026-08-31,,False,False,
GOOG,Alphabet Inc. (Class C),17.026104,6.663785,0.25,True,1,False,0.0,0.0,False,5,0,5,2,5,0,0,0,5,22,Communication Services,4147904774144.0,2026-09-04,,False,False,
GOOGL,Alphabet Inc. (Class A),17.267002,6.734321,0.25,True,1,False,0.0,0.0,False,5,0,5,2,5,0,0,0,5,22,Communication Services,4191810224128.0,2026-09-04,,False,False,
GWW,W. W. Grainger,31.645412,14.317036,0.76,True,15,False,0.0,57.048,False,5,0,5,2,5,5,0,0,0,22,Industrials,59144179712.0,2026-08-10,,False,False,
IBKR,Interactive Brokers,35.398373,6.645807,0.39,True,14,False,0.0,999.0,False,5,0,5,2,5,5,0,0,0,22,Financials,148368261120.0,2026-09-01,,True,False,자사주비율: 태그값(22.264%) vs 회계항등식 역산(-2208.458%) 불일치 (원계산치 22.264%)
ICE,Intercontinental Exchange,21.782051,2.9028401,1.33,True,12,False,0.0,14.351,False,5,0,5,2,5,5,0,0,0,22,Financials,85842837504.0,2026-09-16,,False,False,
INTU,Intuit,16.75373,3.8070204,1.78,True,14,False,0.0,999.0,False,5,0,5,2,5,5,0,0,0,22,Information Technology,71993376768.0,2026-07-09,,True,False,자사주비율: 태그값(48.438%) vs 회계항등식 역산(0.0%) 불일치 (원계산치 48.438%)
JNJ,Johnson & Johnson,31.43931,7.70746,1.94,True,15,False,0.0,22.809,False,5,0,5,2,5,5,0,0,0,22,Health Care,655371927552.0,2026-08-25,,False,False,
JPM,JPMorgan Chase,14.704675,2.5306187,1.78,True,15,False,0.0,35.244,False,5,0,5,2,5,5,0,0,0,22,Financials,894718902272.0,2026-07-06,,False,False,
KO,Coca-Cola Company (The),26.180182,10.3773365,2.41,True,15,False,0.0,38.878,False,5,0,5,2,5,5,0,0,0,22,Consumer Staples,375096213504.0,2026-09-15,,False,False,
KR,Kroger,31.75,6.091438,2.41,True,15,False,0.0,68.926,False,5,0,5,2,5,5,0,0,0,22,Consumer Staples,35252236288.0,2026-08-14,,False,False,
LII,Lennox International,16.610008,9.814845,1.43,True,15,False,0.0,60.067,False,5,0,5,2,5,5,0,0,0,22,Industrials,12732498944.0,2026-06-30,,False,False,
LIN,Linde plc,30.29782,5.567954,1.33,True,15,False,0.0,6.069,False,5,0,5,2,5,5,0,0,0,22,Materials,217601081344.0,2026-09-03,,False,False,
LRCX,Lam Research,54.690434,31.551119,0.35,True,11,False,0.0,999.0,False,5,0,5,2,5,5,0,0,0,22,Information Technology,393535422464.0,2026-09-23,,True,False,자사주비율: 0~100% 범위 밖(136.669%); 태그값(136.669%) vs 회계항등식 역산(0.0%) 불일치 (원계산치 136.669%)
LULU,Lululemon Athletica,8.339967,2.344522,0.0,False,0,False,0.0,0.0,False,10,0,5,2,0,0,0,0,5,22,Consumer Discretionary,11135214592.0,,,False,False,
MCK,McKesson Corporation,22.975315,-23.426626,0.4,True,15,False,0.0,58.571,False,5,0,5,2,5,5,0,0,0,22,Health Care,99835158528.0,2026-09-01,,False,False,
MCO,Moody's Corporation,29.568121,26.339956,0.88,True,15,False,0.0,49.496,False,5,0,5,2,5,5,0,0,0,22,Financials,79677112320.0,2026-08-14,,False,False,
META,Meta Platforms,28.330166,6.9802966,0.29,True,1,False,0.0,0.0,False,5,0,5,2,5,0,0,0,5,22,Communication Services,1823046369280.0,2026-09-21,,False,False,
MRK,Merck & Co.,118.952,8.753679,2.29,True,15,False,0.0,30.988,False,5,0,5,2,5,5,0,0,0,22,Health Care,366843756544.0,2026-09-15,,False,False,
MRSH,Marsh McLennan,20.613415,5.3205957,2.18,True,15,False,0.0,14.754,False,5,0,5,2,5,5,0,0,0,22,Financials,80663019520.0,2026-07-23,,False,False,
MSCI,MSCI,29.640633,-14.670486,1.46,True,11,False,0.0,45.948,False,5,0,5,2,5,5,0,0,0,22,Financials,39455739904.0,2026-08-14,,False,False,
MTB,M&T Bank,11.706851,1.2522866,2.72,True,15,False,0.0,19.231,False,5,0,5,2,5,5,0,0,0,22,Financials,31835119616.0,2026-09-01,,False,False,
MTD,Mettler Toledo,34.126766,2414.4688,0.0,False,0,True,1.339,51.584,False,5,0,5,2,0,0,7,3,0,22,Health Care,30961694720.0,,,False,False,
NDSN,Nordson Corporation,33.0,5.6451583,1.03,True,1,False,0.0,0.0,False,5,0,5,2,5,0,0,0,5,22,Industrials,18454315008.0,2026-09-10,,False,False,
NTAP,NetApp,28.39028,26.797327,1.02,True,12,False,0.0,999.0,False,5,0,5,2,5,5,0,0,0,22,Information Technology,40150011904.0,2026-07-10,,True,False,"자사주비율: 직전 신고값(104,300,000) 대비 급변(0) (원계산치 0.0%)"
NUE,Nucor,19.49681,2.5088766,0.91,True,15,False,0.0,39.953,False,5,0,5,2,5,5,0,0,0,22,Materials,55468834816.0,2026-06-30,,False,False,
NVDA,Nvidia,28.500624,24.133713,0.23,True,13,False,0.0,999.0,False,5,0,5,2,5,5,0,0,0,22,Information Technology,5526282305536.0,2026-09-10,,True,False,"자사주비율: 직전 신고값(1,380,000,000) 대비 급변(0) (원계산치 0.0%)"
NWS,News Corp (Class B),30.704765,2.054943,0.62,False,10,False,0.0,0.0,False,5,0,5,2,0,5,0,0,5,22,Communication Services,17394434048.0,2026-09-09,,False,False,
NWSA,News Corp (Class A),27.714287,1.8548027,0.69,False,10,False,0.0,0.0,False,5,0,5,2,0,5,0,0,5,22,Communication Services,15700310016.0,2026-09-09,,False,False,
PFG,Principal Financial Group,16.330484,2.0263724,2.83,True,15,False,0.0,56.581,False,5,0,5,2,5,5,0,0,0,22,Financials,24544956416.0,2026-09-03,,False,False,
PG,Procter & Gamble,22.078518,6.4945307,2.88,True,15,False,0.0,42.038,False,5,0,5,2,5,5,0,0,0,22,Consumer Staples,346147848192.0,2026-07-24,,False,False,
Q,Qnity Electronics,44.451958,3.6022036,0.24,True,0,False,0.0,0.0,False,5,0,5,2,5,0,0,0,5,22,Information Technology,26132240384.0,2026-08-31,,False,False,
ROP,Roper Technologies,14.756148,1.8721938,1.0,True,12,False,0.0,9.598,False,5,0,5,2,5,5,0,0,0,22,Information Technology,35010908160.0,2026-07-08,,False,False,
RTX,RTX Corporation,33.33215,3.8103554,1.5,True,15,False,0.0,999.0,False,5,0,5,2,5,5,0,0,0,22,Industrials,252920283136.0,2026-08-14,,True,False,자사주비율: 태그값(22.2%) vs 회계항등식 역산(99.92%) 불일치 (원계산치 22.2%)
SCHW,Charles Schwab Corporation,18.0367,3.8665776,1.25,True,15,False,0.0,17.348,False,5,0,5,2,5,5,0,0,0,22,Financials,169993699328.0,2026-08-14,,False,False,
SPGI,S&P Global,24.57604,3.705208,0.94,True,12,False,0.0,26.265,False,5,0,5,2,5,5,0,0,0,22,Financials,116717223936.0,2026-08-26,,False,False,
SYY,Sysco,21.467213,14.103393,2.76,True,10,False,0.0,37.46,False,5,0,5,2,5,5,0,0,0,22,Consumer Staples,37679681536.0,2026-07-02,,False,False,
TER,Teradyne,55.048008,19.982073,0.13,True,11,False,0.0,999.0,False,5,0,5,2,5,5,0,0,0,22,Information Technology,62739542016.0,2026-09-04,,True,False,"자사주비율: 직전 신고값(6,300,000) 대비 급변(200,000) (원계산치 0.128%)"
TKO,TKO Group Holdings,64.162544,3.9742608,1.73,True,0,False,0.0,0.0,False,5,0,5,2,5,0,0,0,5,22,Communication Services,34367594496.0,2026-09-15,,False,False,
TMO,Thermo Fisher Scientific,36.366558,4.763007,0.27,True,13,False,0.0,17.036,False,5,0,5,2,5,5,0,0,0,22,Health Care,250910507008.0,2026-09-15,,False,False,
TPL,Texas Pacific Land Corporation,43.46401,13.946055,0.69,True,0,False,0.0,0.0,False,5,0,5,2,5,0,0,0,5,22,Energy,23323787264.0,2026-09-01,,False,False,
TSCO,Tractor Supply,16.703125,6.382089,2.96,True,15,False,0.0,41.498,False,5,0,5,2,5,5,0,0,0,22,Consumer Discretionary,16709756928.0,2026-08-24,,False,False,
VLO,Valero Energy,16.158026,4.4865828,1.21,True,15,False,0.0,57.249,False,5,0,5,2,5,5,0,0,0,22,Energy,112167903232.0,2026-07-31,,False,False,
VLTO,Veralto,24.231737,7.585554,0.52,True,2,False,0.0,0.0,False,5,0,5,2,5,0,0,0,5,22,Industrials,23452919808.0,2026-06-30,,False,False,
XOM,ExxonMobil,20.650572,2.576411,2.54,True,15,False,0.0,48.722,False,5,0,5,2,5,5,0,0,0,22,Energy,668267970560.0,2026-08-17,,False,False,
ZBH,Zimmer Biomet,22.237865,1.3833193,1.05,True,13,False,0.0,40.326,False,5,0,5,2,5,5,0,0,0,22,Health Care,17475387392.0,2026-06-25,,False,False,
A,Agilent Technologies,34.153996,6.709685,0.58,True,0,False,0.0,0.003,False,5,0,5,2,5,0,0,0,4,21,Health Care,49403232256.0,2026-06-30,,False,False,
CBOE,Cboe Global Markets,19.75507,4.7068224,0.91,True,0,False,0.0,0.371,False,5,0,5,2,5,0,0,0,4,21,Financials,26448197632.0,2026-08-31,,False,False,
DAL,Delta Air Lines,14.075377,2.5194135,0.93,True,2,False,0.0,1.314,False,5,0,5,2,5,0,0,0,4,21,Industrials,55260061696.0,2026-07-09,,False,False,
DD,DuPont,56.214592,1.2845836,1.83,True,5,False,0.0,999.0,False,5,0,5,2,5,4,0,0,0,21,Industrials,17687928832.0,2026-08-31,,True,False,자사주비율: 태그값(0.0%) vs 회계항등식 역산(-443.698%) 불일치 (원계산치 0.0%)
DHR,Danaher Corporation,40.02289,3.0389273,0.49,True,8,False,0.0,999.0,False,5,0,5,2,5,4,0,0,0,21,Health Care,159809814528.0,2026-06-26,,True,False,자사주비율: 태그값(0.0%) vs 회계항등식 역산(20.862%) 불일치 (원계산치 0.0%)
DVN,Devon Energy,10.225383,1.2871505,2.4,True,0,False,0.0,0.009,False,5,0,5,2,5,0,0,0,4,21,Energy,51402997760.0,2026-09-15,,False,False,
FCX,Freeport-McMoRan,35.448277,5.138899,0.83,True,5,False,0.0,999.0,False,5,0,5,2,5,4,0,0,0,21,Materials,103335821312.0,2026-07-15,,True,False,자사주비율: 태그값(11.739%) vs 회계항등식 역산(41.918%) 불일치 (원계산치 11.739%)
FOX,Fox Corporation (Class B),14.7265625,2.0405586,1.01,False,6,False,0.0,0.0,False,5,0,5,2,0,4,0,0,5,21,Communication Services,23845644288.0,2026-09-02,,False,False,
FOXA,Fox Corporation (Class A),16.421875,2.2754664,0.9,False,6,False,0.0,0.0,False,5,0,5,2,0,4,0,0,5,21,Communication Services,26590740480.0,2026-09-02,,False,False,
GEHC,GE HealthCare,15.351725,2.7483742,0.21,True,2,False,0.0,0.982,False,5,0,5,2,5,0,0,0,4,21,Health Care,30163607552.0,2026-07-24,,False,False,
HUM,Humana,36.827034,2.4351723,0.68,True,9,False,0.0,39.583,False,5,0,5,2,5,4,0,0,0,21,Health Care,46786887680.0,2026-06-26,,False,False,
MU,Micron Technology,24.44862,11.813933,0.05,True,5,False,0.0,11.451,False,5,0,5,2,5,4,0,0,0,21,Information Technology,1190357762048.0,2026-07-06,,False,False,
NEM,Newmont,15.310027,3.4870796,0.89,True,1,False,0.0,0.643,False,5,0,5,2,5,0,0,0,4,21,Materials,122280992768.0,2026-09-03,,False,False,
NRG,NRG Energy,26.075268,4.8514557,1.92,True,8,False,0.0,6.612,False,5,0,5,2,5,4,0,0,0,21,Utilities,20390416384.0,2026-08-03,,False,False,
NSC,Norfolk Southern,26.73356,4.3261657,1.72,True,9,False,0.0,9.047,False,5,0,5,2,5,4,0,0,0,21,Industrials,70313648128.0,2026-08-07,,False,False,
PCAR,Paccar,23.40671,2.8919628,2.47,True,0,False,0.0,0.008,False,5,0,5,2,5,0,0,0,4,21,Industrials,58768650240.0,2026-08-12,,False,False,
PNR,Pentair,13.845953,2.2579408,2.0,True,6,False,0.0,999.0,False,5,0,5,2,5,4,0,0,0,21,Industrials,8463587840.0,2026-07-24,,True,False,자사주비율: 태그값(0.0%) vs 회계항등식 역산(38.611%) 불일치 (원계산치 0.0%)
ROST,Ross Stores,28.56506,11.239689,0.73,True,5,False,0.0,5.318,False,5,0,5,2,5,4,0,0,0,21,Consumer Discretionary,76053987328.0,2026-09-08,,False,False,
ULTA,Ulta Beauty,19.838512,8.651123,0.0,False,0,True,0.288,2.064,False,5,0,5,2,0,0,7,0,2,21,Consumer Discretionary,23479410688.0,2012-03-16,,False,False,
CNP,CenterPoint Energy,21.928144,2.0581129,2.51,True,4,False,0.0,999.0,False,5,0,5,2,5,3,0,0,0,20,Utilities,24122335232.0,2026-08-20,,True,False,자사주비율: 태그값(0.0%) vs 회계항등식 역산(-51.89%) 불일치 (원계산치 0.0%)
COF,Capital One,10.818282,1.1703871,1.63,True,3,False,0.0,14.09,False,5,0,5,2,5,3,0,0,0,20,Financials,120525242368.0,2026-08-17,,False,False,
COR,Cencora,22.774363,19.002377,0.79,True,3,False,0.0,36.036,False,5,0,5,2,5,3,0,0,0,20,Health Care,57975201792.0,2026-08-14,,False,False,
CTAS,Cintas,39.406677,15.397251,0.93,True,4,False,0.0,48.669,False,5,0,5,2,5,3,0,0,0,20,Industrials,80135118848.0,2026-08-14,,False,False,
EQT,EQT Corporation,11.7895975,1.2349867,1.32,True,4,False,0.0,999.0,False,5,0,5,2,5,3,0,0,0,20,Energy,31194484736.0,2026-08-05,,True,False,"자사주비율: 직전 신고값(32,000) 대비 급변(0) (원계산치 0.0%)"
F,Ford Motor Company,,1.3820049,4.85,True,0,False,0.0,0.0,False,0,0,5,5,5,0,0,0,5,20,Consumer Discretionary,49366437888.0,2026-08-11,,False,False,
FISV,Fiserv,8.8160925,0.90828353,0.0,False,0,False,0.0,32.27,False,10,3,5,2,0,0,0,0,0,20,Financials,24471904256.0,,,False,False,
HAL,Halliburton,17.15873,2.4566321,2.1,True,4,False,0.0,21.543,False,5,0,5,2,5,3,0,0,0,20,Energy,27018418176.0,2026-09-02,,False,False,
HLT,Hilton Worldwide,47.030838,-11.468472,0.19,True,4,False,0.0,33.677,False,5,0,5,2,5,3,0,0,0,20,Consumer Discretionary,72083791872.0,2026-08-21,,False,False,
IP,International Paper,,1.2454668,5.45,True,3,False,0.0,999.0,False,0,0,5,7,5,3,0,0,0,20,Materials,18005377024.0,2026-08-14,,True,False,자사주비율: 태그값(15.55%) vs 회계항등식 역산(0.0%) 불일치 (원계산치 15.55%)
IR,Ingersoll Rand,31.432096,2.9118216,0.1,True,4,False,0.0,10.378,False,5,0,5,2,5,3,0,0,0,20,Industrials,29635395584.0,2026-08-13,,False,False,
WFC,Wells Fargo,11.745639,1.4846592,2.29,True,4,False,0.0,999.0,False,5,0,5,2,5,3,0,0,0,20,Financials,244369375232.0,2026-08-07,,True,False,자사주비율: 태그값(30.063%) vs 회계항등식 역산(44.754%) 불일치 (원계산치 30.063%)
BA,Boeing,71.468994,23.897097,0.0,False,0,True,0.229,999.0,False,5,0,5,2,0,0,7,0,0,19,Industrials,145736335360.0,2020-02-13,,True,False,자사주비율: 태그값(21.977%) vs 회계항등식 역산(0.0%) 불일치 (원계산치 21.977%)
BAX,Baxter International,,1.9568478,0.17,True,0,True,0.146,24.36,False,0,0,5,2,5,0,7,0,0,19,Health Care,12144235520.0,2026-08-28,,False,False,
FERG,Ferguson Enterprises,21.940155,7.0911584,1.57,True,0,False,0.0,3.919,False,5,0,5,2,5,0,0,0,2,19,Industrials,43971805184.0,2026-08-21,,False,False,
GEV,GE Vernova,27.473822,21.155363,0.18,True,1,False,0.0,4.755,False,5,0,5,2,5,0,0,0,2,19,Industrials,252955656192.0,2026-06-16,,False,False,
TEL,TE Connectivity,21.40678,4.699792,1.06,True,0,False,0.0,2.079,False,5,0,5,2,5,0,0,0,2,19,Information Technology,62161383424.0,2026-08-21,,False,False,
ADSK,Autodesk,27.08366,12.799778,0.0,False,0,False,0.0,0.0,False,5,0,5,2,0,0,0,0,5,17,Information Technology,43302711296.0,2005-03-22,,False,False,
ALGN,Align Technology,25.52817,2.4407897,0.0,False,0,False,0.0,0.0,False,5,0,5,2,0,0,0,0,5,17,Health Care,10300779520.0,,,False,False,
AMZN,Amazon,20.077486,4.8117523,0.0,False,0,False,0.0,0.0,False,5,0,5,2,0,0,0,0,5,17,Consumer Discretionary,2655051055104.0,,,False,False,
APP,AppLovin,23.857584,32.67331,0.0,False,0,False,0.0,0.0,False,5,0,5,2,0,0,0,0,5,17,Communication Services,103549992960.0,,,False,False,
BE,Bloom Energy,337.01282,47.838036,0.0,False,0,False,0.0,0.0,False,5,0,5,2,0,0,0,0,5,17,Industrials,77422403584.0,,,False,False,
CAH,Cardinal Health,30.468878,-17.804089,0.93,True,1,False,0.0,14.022,False,5,0,5,2,5,0,0,0,0,17,Health Care,51010207744.0,2026-07-01,,False,False,
CCL,Carnival Corporation,10.018099,2.3423615,2.03,True,0,False,0.0,20.124,False,5,0,5,2,5,0,0,0,0,17,Consumer Discretionary,30324031488.0,2026-08-07,,False,False,
CMG,Chipotle Mexican Grill,29.49074,18.35735,0.0,False,0,False,0.0,0.0,False,5,0,5,2,0,0,0,0,5,17,Consumer Discretionary,40303562752.0,,,False,False,
COO,Cooper Companies (The),19.047138,1.2912576,0.0,False,15,False,0.0,12.758,False,5,0,5,2,0,5,0,0,0,17,Health Care,10757085184.0,2023-07-26,,False,False,
CPRT,Copart,17.79085,2.7738714,0.0,False,0,False,0.0,0.0,False,5,0,5,2,0,0,0,0,5,17,Industrials,25200586752.0,,,False,False,
CRWD,CrowdStrike,8641.667,52.026894,0.0,False,0,False,0.0,0.0,False,5,0,5,2,0,0,0,0,5,17,Information Technology,265455108096.0,,,False,False,
CVNA,Carvana,31.994709,10.794359,0.0,False,0,False,0.0,0.0,False,5,0,5,2,0,0,0,0,5,17,Consumer Discretionary,67028803584.0,,,False,False,
DDOG,Datadog,526.8628,22.086142,0.0,False,0,False,0.0,0.0,False,5,0,5,2,0,0,0,0,5,17,Information Technology,96483459072.0,,,False,False,
DLTR,Dollar Tree,13.9783125,6.356912,0.0,False,0,False,0.0,0.0,False,5,0,5,2,0,0,0,0,5,17,Consumer Staples,21768867840.0,,,False,False,
DOW,Dow Inc.,,1.2702678,5.02,True,0,False,0.0,8.985,False,0,0,5,7,5,0,0,0,0,17,Materials,20146081792.0,2026-08-31,,False,False,
FDXF,FedEx Freight,25.816093,-33.7846,0.0,False,0,False,0.0,0.0,False,5,0,5,2,0,0,0,0,5,17,Industrials,16790886400.0,,,False,False,
FFIV,"F5, Inc.",34.733654,6.41936,0.0,False,0,False,0.0,0.0,False,5,0,5,2,0,0,0,0,5,17,Information Technology,24664537088.0,,,False,False,
FSLR,First Solar,10.954402,1.8011893,0.0,False,0,False,0.0,0.0,False,5,0,5,2,0,0,0,0,5,17,Information Technology,18589050880.0,,,False,False,
FTNT,Fortinet,61.439026,83.41059,0.0,False,0,False,0.0,0.0,False,5,0,5,2,0,0,0,0,5,17,Information Technology,129375731712.0,,,False,False,
GDDY,GoDaddy,14.439137,1768.1132,0.0,False,0,False,0.0,0.0,False,5,0,5,2,0,0,0,0,5,17,Information Technology,11868155904.0,,,False,False,
HONA,Honeywell Aerospace,48.509556,-8.474463,0.0,False,0,False,0.0,0.0,False,5,0,5,2,0,0,0,0,5,17,Industrials,48278241280.0,,,False,False,
HOOD,Robinhood Markets,52.936363,11.044097,0.0,False,0,False,0.0,0.0,False,5,0,5,2,0,0,0,0,5,17,Financials,104707121152.0,,,False,False,
HSIC,Henry Schein,25.217007,3.048318,0.0,False,0,False,0.0,0.0,False,5,0,5,2,0,0,0,0,5,17,Health Care,9583288320.0,,,False,False,
ISRG,Intuitive Surgical,46.50112,8.07959,0.0,False,0,False,0.0,0.0,False,5,0,5,2,0,0,0,0,5,17,Health Care,148610154496.0,,,False,False,
JCI,Johnson Controls,42.418804,6.689581,0.81,True,0,False,0.0,999.0,False,5,0,5,2,5,0,0,0,0,17,Industrials,90188840960.0,2026-09-21,,True,False,자사주비율: 태그값(4.754%) vs 회계항등식 역산(-45.8%) 불일치 (원계산치 4.754%)
LUV,Southwest Airlines,26.425,2.9206963,1.7,True,1,False,0.0,999.0,False,5,0,5,2,5,0,0,0,0,17,Industrials,20683722752.0,2026-09-03,,True,False,자사주비율: 태그값(41.946%) vs 회계항등식 역산(16.002%) 불일치 (원계산치 41.946%)
LVS,Las Vegas Sands,15.089494,43.232998,2.97,True,2,False,0.0,23.04,False,5,0,5,2,5,0,0,0,0,17,Consumer Discretionary,25117851648.0,2026-08-04,,False,False,
MGM,MGM Resorts,19.78882,3.188551,0.0,False,1,False,0.0,0.0,False,5,0,5,2,0,0,0,0,5,17,Consumer Discretionary,8151420416.0,2022-12-08,,False,False,
NCLH,Norwegian Cruise Line Holdings,8.833334,2.553989,0.0,False,0,False,0.0,999.0,False,10,0,5,2,0,0,0,0,0,17,Consumer Discretionary,6570978304.0,,,True,False,"자사주비율: 직전 신고값(24,450,859) 대비 급변(0) (원계산치 0.0%)"
P,Everpure,172.53333,27.99048,0.0,False,0,False,0.0,0.0,False,5,0,5,2,0,0,0,0,5,17,Information Technology,43119607808.0,,,False,False,
PANW,Palo Alto Networks,911.83716,11.623336,0.0,False,0,False,0.0,0.0,False,5,0,5,2,0,0,0,0,5,17,Information Technology,320729612288.0,,,False,False,
PLTR,Palantir Technologies,158.88136,46.08653,0.0,False,0,False,0.0,0.0,False,5,0,5,2,0,0,0,0,5,17,Information Technology,450525396992.0,,,False,False,
PTC,PTC Inc.,13.405951,4.4573855,0.0,False,0,False,0.0,0.0,False,5,0,5,2,0,0,0,0,5,17,Information Technology,15157239808.0,,,False,False,
PWR,Quanta Services,74.06437,10.046775,0.07,True,1,False,0.0,16.747,False,5,0,5,2,5,0,0,0,0,17,Industrials,96875266048.0,2026-07-01,,False,False,
RCL,Royal Caribbean Group,14.993201,6.338411,2.27,True,2,False,0.0,11.988,False,5,0,5,2,5,0,0,0,0,17,Consumer Discretionary,64881201152.0,2026-09-17,,False,False,
RDDT,Reddit,34.812653,8.375088,0.0,False,0,False,0.0,0.0,False,5,0,5,2,0,0,0,0,5,17,Communication Services,27528093696.0,,,False,False,
REGN,Regeneron Pharmaceuticals,19.493393,2.379702,0.49,True,0,False,0.0,999.0,False,5,0,5,2,5,0,0,0,0,17,Health Care,77447888896.0,2026-08-18,,True,False,자사주비율: 태그값(38.555%) vs 회계항등식 역산(0.0%) 불일치 (원계산치 38.555%)
RSG,Republic Services,30.160055,5.41531,1.17,True,1,False,0.0,999.0,False,5,0,5,2,5,0,0,0,0,17,Industrials,65201930240.0,2026-07-02,,True,False,자사주비율: 태그값(2.548%) vs 회계항등식 역산(-12.866%) 불일치 (원계산치 2.548%)
SMCI,Supermicro,13.263492,2.6766608,0.0,False,0,False,0.0,0.0,False,5,0,5,2,0,0,0,0,5,17,Information Technology,27448012800.0,,,False,False,
SNDK,Sandisk,24.098059,16.21886,0.0,False,0,False,0.0,0.0,False,5,0,5,2,0,0,0,0,5,17,Information Technology,250799652864.0,,,False,False,
STT,State Street Corporation,16.004452,2.065672,1.87,True,1,False,0.0,45.483,False,5,0,5,2,5,0,0,0,0,17,Financials,49372147712.0,2026-07-01,,False,False,
TMUS,T-Mobile US,17.302494,3.179682,2.45,True,2,False,0.0,15.925,False,5,0,5,2,5,0,0,0,0,17,Communication Services,178546180096.0,2026-08-28,,False,False,
TSLA,"Tesla, Inc.",343.70193,16.251421,0.0,False,0,False,0.0,0.0,False,5,0,5,2,0,0,0,0,5,17,Consumer Discretionary,1411765764096.0,,,False,False,
TT,Trane Technologies,33.710663,11.549232,0.7,True,0,False,0.0,999.0,False,5,0,5,2,5,0,0,0,0,17,Industrials,99463684096.0,2026-09-04,,True,False,자사주비율: 태그값(9.593%) vs 회계항등식 역산(-1.646%) 불일치 (원계산치 9.593%)
URI,United Rentals,25.11234,7.055039,0.74,True,2,False,0.0,45.658,False,5,0,5,2,5,0,0,0,0,17,Industrials,64976179200.0,2026-08-12,,False,False,
VEEV,Veeva Systems,46.04605,6.245204,0.0,False,0,False,0.0,0.0,False,5,0,5,2,0,0,0,0,5,17,Health Care,45327998976.0,,,False,False,
VRTX,Vertex Pharmaceuticals,30.76793,6.602395,0.0,False,0,False,0.0,0.0,False,5,0,5,2,0,0,0,0,5,17,Health Care,133743722496.0,,,False,False,
WDAY,"Workday, Inc.",38.726902,7.0360007,0.0,False,0,False,0.0,0.0,False,5,0,5,2,0,0,0,0,5,17,Information Technology,45452603392.0,,,False,False,
WYNN,Wynn Resorts,19.308153,-48.415516,1.24,True,2,False,0.0,23.583,False,5,0,5,2,5,0,0,0,0,17,Consumer Discretionary,8290942464.0,2026-08-14,,False,False,
XYZ,"Block, Inc.",130.9107,1.9976563,0.0,False,0,False,0.0,0.0,False,5,0,5,2,0,0,0,0,5,17,Financials,44044279808.0,,,False,False,
FLEX,Flex Ltd.,43.64479,7.591672,0.0,False,0,False,0.0,1.481,False,5,0,5,2,0,0,0,0,4,16,Information Technology,41757310976.0,,,False,False,
VTRS,Viatris,,1.4513823,2.63,True,5,False,0.0,999.0,False,0,0,5,2,5,4,0,0,0,16,Health Care,20984756224.0,2026-08-21,,True,False,자사주비율: 태그값(8.226%) vs 회계항등식 역산(100.0%) 불일치 (원계산치 8.226%)
TDG,TransDigm Group,33.900364,-6.603522,0.0,False,3,False,0.0,12.069,False,5,0,5,2,0,3,0,0,0,15,Industrials,61313822720.0,2025-09-02,,False,False,
PODD,Insulet Corporation,25.500002,6.4909544,0.0,False,0,False,0.0,2.045,False,5,0,5,2,0,0,0,0,2,14,Health Care,9231737856.0,,,False,False,
AKAM,Akamai Technologies,41.28409,3.2957363,0.0,False,0,False,0.0,6.396,False,5,0,5,2,0,0,0,0,0,12,Information Technology,15663672320.0,,,False,False,
APD,Air Products,,4.470945,2.58,True,1,False,0.0,10.731,False,0,0,5,2,5,0,0,0,0,12,Materials,62073593856.0,2026-07-01,,False,False,
AXON,Axon Enterprise,178.46638,9.390267,0.0,False,0,False,0.0,19.973,False,5,0,5,2,0,0,0,0,0,12,Industrials,34505592832.0,,,False,False,
BIIB,Biogen,40.692173,1.7921009,0.0,False,0,False,0.0,13.959,False,5,0,5,2,0,0,0,0,0,12,Health Care,33789861888.0,,,False,False,
BSX,Boston Scientific,17.786291,2.5597725,0.0,False,0,False,0.0,17.327,False,5,0,5,2,0,0,0,0,0,12,Health Care,63925518336.0,,,False,False,
COHR,Coherent Corp.,71.87023,5.0709157,0.0,False,0,False,0.0,7.931,False,5,0,5,2,0,0,0,0,0,12,Information Technology,55312818176.0,,,False,False,
COIN,Coinbase,,3.8679035,0.0,False,0,False,0.0,0.0,False,0,0,5,2,0,0,0,0,5,12,Financials,50601283584.0,,,False,False,
CPAY,Corpay,24.219437,7.344802,0.0,False,0,False,0.0,50.59,False,5,0,5,2,0,0,0,0,0,12,Financials,26016303104.0,,,False,False,
DVA,DaVita,15.129142,-14.885062,0.0,False,0,False,0.0,7.577,False,5,0,5,2,0,0,0,0,0,12,Health Care,11360866304.0,,,False,False,
ECHO,EchoStar,,1.8307171,0.0,False,0,False,0.0,0.0,False,0,0,5,2,0,0,0,0,5,12,Communication Services,25946589184.0,,,False,False,
EW,Edwards Lifesciences,51.68453,4.7151775,0.0,False,0,False,0.0,12.861,False,5,0,5,2,0,0,0,0,0,12,Health Care,50048811008.0,,,False,False,
FICO,Fair Isaac,24.99673,-4.4325256,0.0,False,0,False,0.0,75.695,False,5,0,5,2,0,0,0,0,0,12,Information Technology,18161235968.0,2017-03-01,,False,False,
GNRC,Generac,47.174717,4.207796,0.0,False,0,False,0.0,999.0,False,5,0,5,2,0,0,0,0,0,12,Industrials,12120510464.0,2013-06-10,,True,False,자사주비율: 태그값(20.515%) vs 회계항등식 역산(8.0%) 불일치 (원계산치 20.515%)
IFF,International Flavors & Fragrances,,1.5658623,2.33,True,1,False,0.0,7.399,False,0,0,5,2,5,0,0,0,0,12,Materials,21871456256.0,2026-09-18,,False,False,
INTC,Intel,,6.684141,0.0,False,0,False,0.0,0.0,False,0,0,5,2,0,0,0,0,5,12,Information Technology,613346770944.0,2024-08-07,,False,False,
IQV,IQVIA,33.66087,7.227601,0.0,False,0,False,0.0,35.709,False,5,0,5,2,0,0,0,0,0,12,Health Care,44601663488.0,,,False,False,
IT,Gartner,16.884544,-71.4896,0.0,False,0,False,0.0,60.633,False,5,0,5,2,0,0,0,0,0,12,Information Technology,11728659456.0,1999-07-19,,False,False,
LITE,Lumentum,,17.577745,0.0,False,0,False,0.0,0.0,False,0,0,5,2,0,0,0,0,5,12,Information Technology,82642403328.0,,,False,False,
MNST,Monster Beverage,39.86667,8.757322,0.0,False,0,False,0.0,13.783,False,5,0,5,2,0,0,0,0,0,12,Consumer Staples,82005909504.0,1990-11-08,,False,False,
MRNA,Moderna,,11.642372,0.0,False,0,False,0.0,0.0,False,0,0,5,2,0,0,0,0,5,12,Health Care,78761254912.0,,,False,False,
SOLV,Solventum,10.94621,3.1733768,0.0,False,0,False,0.0,999.0,False,5,0,5,2,0,0,0,0,0,12,Health Care,15241832448.0,,,True,False,"자사주비율: 직전 신고값(922,636) 대비 급변(4,776,348) (원계산치 2.731%)"
TRMB,Trimble Inc.,,2.3637483,0.0,False,0,False,0.0,0.0,False,0,0,5,2,0,0,0,0,5,12,Information Technology,13410171904.0,,,False,False,
TYL,Tyler Technologies,42.7467,4.3666105,0.0,False,0,False,0.0,999.0,False,5,0,5,2,0,0,0,0,0,12,Information Technology,13269354496.0,1990-01-31,,True,False,자사주비율: 태그값(14.99%) vs 회계항등식 역산(0.0%) 불일치 (원계산치 14.99%)
WAT,Waters Corporation,109.91067,2.8632932,0.0,False,0,False,0.0,51.345,False,5,0,5,2,0,0,0,0,0,12,Health Care,43490443264.0,,,False,False,
ZBRA,Zebra Technologies,33.867943,5.130303,0.0,False,0,False,0.0,34.321,False,5,0,5,2,0,0,0,0,0,12,Information Technology,17593415680.0,,,False,False,
LYV,Live Nation Entertainment,,481.4846,0.0,False,0,False,0.0,0.173,False,0,0,5,2,0,0,0,0,4,11,Communication Services,40043409408.0,,,False,False,
CRL,Charles River Laboratories,,4.9514256,0.0,False,0,False,0.0,3.677,False,0,0,5,2,0,0,0,0,2,9,Health Care,14189730816.0,,,False,False,
CNC,Centene Corporation,,1.3690802,0.0,False,0,False,0.0,21.05,False,0,0,5,2,0,0,0,0,0,7,Health Care,30889506816.0,,,False,False,
TTWO,Take-Two Interactive,,10.685431,0.0,False,0,False,0.0,11.248,False,0,0,5,2,0,0,0,0,0,7,Communication Services,37835493376.0,2008-09-25,,False,False,
WBD,Warner Bros. Discovery,,2.3600397,0.0,False,0,False,0.0,8.4,False,0,0,5,2,0,0,0,0,0,7,Communication Services,77470523392.0,,,False,False,
